[0.000000] (-) TimerEvent: {}
[0.000100] (rebotarm_msgs) JobQueued: {'identifier': 'rebotarm_msgs', 'dependencies': OrderedDict()}
[0.000188] (fake_driver_pkg) JobQueued: {'identifier': 'fake_driver_pkg', 'dependencies': OrderedDict({'rebotarm_msgs': '/home/ylnn/DM_Armx/install/rebotarm_msgs'})}
[0.000293] (mujoco_pkg) JobQueued: {'identifier': 'mujoco_pkg', 'dependencies': OrderedDict({'rebotarm_msgs': '/home/ylnn/DM_Armx/install/rebotarm_msgs'})}
[0.000309] (rebotarm_msgs) JobStarted: {'identifier': 'rebotarm_msgs'}
[0.006337] (rebotarm_msgs) JobProgress: {'identifier': 'rebotarm_msgs', 'progress': 'cmake'}
[0.006795] (rebotarm_msgs) Command: {'cmd': ['/home/ylnn/DM_Armx/.pixi/envs/default/bin/cmake', '/home/ylnn/DM_Armx/src/rebotarm_msgs', '-DCMAKE_INSTALL_PREFIX=/home/ylnn/DM_Armx/install/rebotarm_msgs'], 'cwd': '/home/ylnn/DM_Armx/build/rebotarm_msgs', 'env': OrderedDict({'LESSOPEN': '| /usr/bin/lesspipe %s', 'PIXI_ENVIRONMENT_NAME': 'default', 'USER': 'ylnn', 'XDG_SESSION_TYPE': 'wayland', 'PIXI_EXE': '/home/ylnn/.pixi/bin/pixi', 'PTYXIS_VERSION': '50.1', 'ROS_ETC_DIR': '/home/ylnn/DM_Armx/.pixi/envs/default/etc/ros', 'SHLVL': '2', 'LD_LIBRARY_PATH': '/home/ylnn/reBot_Arm_Mujoco-DM/reBotArm_ros2_DM/install/rebotarm_msgs/lib', 'HOME': '/home/ylnn', 'CONDA_SHLVL': '1', 'OLDPWD': '/home/ylnn/DM_Armx/src', 'DESKTOP_SESSION': 'ubuntu', 'IM_CONFIG_ENTRY': 'profile', 'ROS_PYTHON_VERSION': '3', 'GTK_MODULES': 'gail:atk-bridge', 'PS1': '(DM_Armx) \\[\\e]0;\\u@\\h: \\w\\a\\]${debian_chroot:+($debian_chroot)}\\[\\033[01;32m\\]\\u@\\h\\[\\033[00m\\]:\\[\\033[01;34m\\]\\w\\[\\033[00m\\]\\$', 'MANAGERPID': '3950', 'PIXI_IN_SHELL': '1', 'SYSTEMD_EXEC_PID': '4689', 'DBUS_SESSION_BUS_ADDRESS': 'unix:path=/run/user/1000/bus', 'COLORTERM': 'truecolor', 'GIO_LAUNCHED_DESKTOP_FILE_PID': '9131', 'GNOME_KEYRING_CONTROL': '/run/user/1000/keyring', 'DEBUGINFOD_URLS': 'https://debuginfod.ubuntu.com', 'WAYLAND_DISPLAY': 'wayland-0', 'COLCON_PREFIX_PATH': '/home/ylnn/DM_Armx/install:/home/ylnn/reBot_Arm_Mujoco-DM/reBotArm_ros2_DM/install', 'ROS_DISTRO': 'jazzy', 'LOGNAME': 'ylnn', 'MANAGERPIDFDID': '41209', 'JOURNAL_STREAM': '10:28149', '_': '/home/ylnn/DM_Armx/.pixi/envs/default/bin/colcon', 'ROS_VERSION': '2', 'MEMORY_PRESSURE_WATCH': '/sys/fs/cgroup/user.slice/user-1000.slice/user@1000.service/session.slice/org.gnome.SettingsDaemon.MediaKeys.service/memory.pressure', 'XDG_SESSION_CLASS': 'user', 'USERNAME': 'ylnn', 'TERM': 'xterm-256color', 'PIXI_ENVIRONMENT_PLATFORMS': 'linux-64', 'GNOME_DESKTOP_SESSION_ID': 'this-is-deprecated', 'ROS_OS_OVERRIDE': 'conda:linux', 'FLATPAK_TTY_PROGRESS': '1', 'PATH': '/home/ylnn/DM_Armx/.pixi/envs/default/bin:/home/ylnn/DM_Armx/.pixi/envs/default/bin:/home/ylnn/.pixi/bin:/home/ylnn/.local/bin:/usr/local/sbin:/usr/local/bin:/usr/sbin:/usr/bin:/sbin:/bin:/usr/games:/usr/local/games:/snap/bin:/snap/bin:/home/ylnn/.local/bin:/home/ylnn/.local/bin', 'INVOCATION_ID': '76dc85ded2e143c1ba10984d3af79769', 'XDG_MENU_PREFIX': 'gnome-', 'PTYXIS_PROFILE': '29ef11a0727ce3578ea238b06a997d6b', 'GNOME_SETUP_DISPLAY': 'unix:/tmp/.X11-unix/X1', 'PIXI_PROJECT_VERSION': '0.1.0', 'XDG_RUNTIME_DIR': '/run/user/1000', 'DISPLAY': ':0', 'LANG': 'zh_CN.UTF-8', 'XDG_CURRENT_DESKTOP': 'ubuntu:GNOME', 'XMODIFIERS': '@im=ibus', 'XDG_SESSION_DESKTOP': 'ubuntu', 'XAUTHORITY': '/run/user/1000/.mutter-Xwaylandauth.BCRSV3', 'LS_COLORS': 'rs=0:di=01;34:ln=01;36:mh=00:pi=40;33:so=01;35:do=01;35:bd=40;33;01:cd=40;33;01:or=40;31;01:mi=00:su=37;41:sg=30;43:ca=00:tw=30;42:ow=34;42:st=37;44:ex=01;32:*.tar=01;31:*.tgz=01;31:*.arc=01;31:*.arj=01;31:*.taz=01;31:*.lha=01;31:*.lz4=01;31:*.lzh=01;31:*.lzma=01;31:*.tlz=01;31:*.txz=01;31:*.tzo=01;31:*.t7z=01;31:*.zip=01;31:*.z=01;31:*.dz=01;31:*.gz=01;31:*.lrz=01;31:*.lz=01;31:*.lzo=01;31:*.xz=01;31:*.zst=01;31:*.tzst=01;31:*.bz2=01;31:*.bz=01;31:*.tbz=01;31:*.tbz2=01;31:*.tz=01;31:*.deb=01;31:*.rpm=01;31:*.jar=01;31:*.war=01;31:*.ear=01;31:*.sar=01;31:*.rar=01;31:*.alz=01;31:*.ace=01;31:*.zoo=01;31:*.cpio=01;31:*.7z=01;31:*.rz=01;31:*.cab=01;31:*.wim=01;31:*.swm=01;31:*.dwm=01;31:*.esd=01;31:*.avif=01;35:*.jpg=01;35:*.jpeg=01;35:*.mjpg=01;35:*.mjpeg=01;35:*.gif=01;35:*.bmp=01;35:*.pbm=01;35:*.pgm=01;35:*.ppm=01;35:*.tga=01;35:*.xbm=01;35:*.xpm=01;35:*.tif=01;35:*.tiff=01;35:*.png=01;35:*.svg=01;35:*.svgz=01;35:*.mng=01;35:*.pcx=01;35:*.mov=01;35:*.mpg=01;35:*.mpeg=01;35:*.m2v=01;35:*.mkv=01;35:*.webm=01;35:*.webp=01;35:*.ogm=01;35:*.mp4=01;35:*.m4v=01;35:*.mp4v=01;35:*.vob=01;35:*.qt=01;35:*.nuv=01;35:*.wmv=01;35:*.asf=01;35:*.rm=01;35:*.rmvb=01;35:*.flc=01;35:*.avi=01;35:*.fli=01;35:*.flv=01;35:*.gl=01;35:*.dl=01;35:*.xcf=01;35:*.xwd=01;35:*.yuv=01;35:*.cgm=01;35:*.emf=01;35:*.ogv=01;35:*.ogx=01;35:*.aac=00;36:*.au=00;36:*.flac=00;36:*.m4a=00;36:*.mid=00;36:*.midi=00;36:*.mka=00;36:*.mp3=00;36:*.mpc=00;36:*.ogg=00;36:*.ra=00;36:*.wav=00;36:*.oga=00;36:*.opus=00;36:*.spx=00;36:*.xspf=00;36:*~=00;90:*#=00;90:*.bak=00;90:*.old=00;90:*.orig=00;90:*.part=00;90:*.rej=00;90:*.swp=00;90:*.tmp=00;90:*.dpkg-dist=00;90:*.dpkg-old=00;90:*.ucf-dist=00;90:*.ucf-new=00;90:*.ucf-old=00;90:*.rpmnew=00;90:*.rpmorig=00;90:*.rpmsave=00;90:', 'SSH_AUTH_SOCK': '/run/user/1000/gcr/ssh', 'PIXI_PROMPT': '(DM_Armx)', 'XML_CATALOG_FILES': 'file:///home/ylnn/DM_Armx/.pixi/envs/default/etc/xml/catalog file:///etc/xml/catalog', 'GSETTINGS_SCHEMA_DIR': '/home/ylnn/DM_Armx/.pixi/envs/default/share/glib-2.0/schemas', 'AMENT_PREFIX_PATH': '/home/ylnn/DM_Armx/.pixi/envs/default', 'SHELL': '/bin/bash', 'QT_ACCESSIBILITY': '1', 'GDMSESSION': 'ubuntu', 'LESSCLOSE': '/usr/bin/lesspipe %s %s', 'CONDA_DEFAULT_ENV': 'DM_Armx', 'PIXI_PROJECT_ROOT': '/home/ylnn/DM_Armx', 'GPG_AGENT_INFO': '/run/user/1000/gnupg/S.gpg-agent:0:1', 'PIXI_PROJECT_MANIFEST': '/home/ylnn/DM_Armx/pixi.toml', 'ROS_AUTOMATIC_DISCOVERY_RANGE': 'SUBNET', 'QT_IM_MODULE': 'ibus', 'PWD': '/home/ylnn/DM_Armx/build/rebotarm_msgs', 'XDG_CONFIG_DIRS': '/etc/xdg/xdg-ubuntu:/etc/xdg', 'PIXI_PROJECT_NAME': 'DM_Armx', 'XDG_DATA_DIRS': '/usr/share/ubuntu:/usr/share/gnome:/usr/local/share/:/usr/share/:/var/lib/snapd/desktop', 'XDG_SESSION_EXTRA_DEVICE_ACCESS': 'render:accel', 'PYTHONPATH': '/home/ylnn/DM_Armx/install/mujoco_pkg/lib/python3.12/site-packages:/home/ylnn/reBot_Arm_Mujoco-DM/reBotArm_ros2_DM/build/rebotarm_mujoco:/home/ylnn/reBot_Arm_Mujoco-DM/reBotArm_ros2_DM/install/rebotarm_mujoco/lib/python3.12/site-packages:/home/ylnn/reBot_Arm_Mujoco-DM/reBotArm_ros2_DM/build/rebotarm_moveit_demos:/home/ylnn/reBot_Arm_Mujoco-DM/reBotArm_ros2_DM/install/rebotarm_moveit_demos/lib/python3.12/site-packages:/home/ylnn/reBot_Arm_Mujoco-DM/reBotArm_ros2_DM/build/rebotarm_bringup:/home/ylnn/reBot_Arm_Mujoco-DM/reBotArm_ros2_DM/install/rebotarm_bringup/lib/python3.12/site-packages:/home/ylnn/reBot_Arm_Mujoco-DM/reBotArm_ros2_DM/build/rebotarmcontroller:/home/ylnn/reBot_Arm_Mujoco-DM/reBotArm_ros2_DM/install/rebotarmcontroller/lib/python3.12/site-packages:/home/ylnn/reBot_Arm_Mujoco-DM/reBotArm_ros2_DM/build/rebotarm_agent:/home/ylnn/reBot_Arm_Mujoco-DM/reBotArm_ros2_DM/install/rebotarm_agent/lib/python3.12/site-packages:/home/ylnn/reBot_Arm_Mujoco-DM/reBotArm_ros2_DM/install/rebotarm_msgs/lib/python3.12/site-packages:/home/ylnn/DM_Armx/.pixi/envs/default/lib/python/site-packages:/home/ylnn/DM_Armx/.pixi/envs/default/lib/python3.12/site-packages', 'CONDA_PREFIX': '/home/ylnn/DM_Armx/.pixi/envs/default', 'GSETTINGS_SCHEMA_DIR_CONDA_BACKUP': '', 'COLCON': '1', 'QT_IM_MODULES': 'wayland;ibus', 'MEMORY_PRESSURE_WRITE': 'c29tZSAyMDAwMDAgMjAwMDAwMAA=', 'VTE_VERSION': '8400', 'CMAKE_PREFIX_PATH': '/home/ylnn/reBot_Arm_Mujoco-DM/reBotArm_ros2_DM/install/rebotarm_moveit_config:/home/ylnn/reBot_Arm_Mujoco-DM/reBotArm_ros2_DM/install/rebotarm_msgs:/home/ylnn/DM_Armx/.pixi/envs/default'}), 'shell': False}
[0.014076] (rebotarm_msgs) StderrLine: {'line': b'\x1b[33mCMake Warning (deprecated) at CMakeLists.txt:1 (cmake_minimum_required):\n'}
[0.014202] (rebotarm_msgs) StderrLine: {'line': b'  Compatibility with CMake < 3.10 will be removed from a future version of\n'}
[0.014257] (rebotarm_msgs) StderrLine: {'line': b'  CMake.\n'}
[0.014302] (rebotarm_msgs) StderrLine: {'line': b'\n'}
[0.014343] (rebotarm_msgs) StderrLine: {'line': b'  Update the VERSION argument <min> value.  Or, use the <min>...<max> syntax\n'}
[0.014386] (rebotarm_msgs) StderrLine: {'line': b'  to tell CMake that the project requires at least <min> but has been updated\n'}
[0.014426] (rebotarm_msgs) StderrLine: {'line': b'  to work with policies introduced by <max> or earlier.\n'}
[0.014466] (rebotarm_msgs) StderrLine: {'line': b'This warning is for project developers.  Use -Wno-author or -Wno-deprecated\n'}
[0.014506] (rebotarm_msgs) StderrLine: {'line': b'to suppress it.\n'}
[0.014547] (rebotarm_msgs) StderrLine: {'line': b'\x1b[0m\n'}
[0.018388] (rebotarm_msgs) StdoutLine: {'line': b'-- Found ament_cmake: 2.5.6 (/home/ylnn/DM_Armx/.pixi/envs/default/share/ament_cmake/cmake)\n'}
[0.099703] (-) TimerEvent: {}
[0.200037] (-) TimerEvent: {}
[0.250859] (rebotarm_msgs) StdoutLine: {'line': b'-- Override CMake install command with custom implementation using symlinks instead of copying resources\n'}
[0.257668] (rebotarm_msgs) StdoutLine: {'line': b'-- Found rosidl_default_generators: 1.6.1 (/home/ylnn/DM_Armx/.pixi/envs/default/share/rosidl_default_generators/cmake)\n'}
[0.260737] (rebotarm_msgs) StdoutLine: {'line': b'-- Using all available rosidl_typesupport_c: rosidl_typesupport_fastrtps_c;rosidl_typesupport_introspection_c\n'}
[0.293652] (rebotarm_msgs) StdoutLine: {'line': b'-- Using all available rosidl_typesupport_cpp: rosidl_typesupport_fastrtps_cpp;rosidl_typesupport_introspection_cpp\n'}
[0.300156] (-) TimerEvent: {}
[0.316816] (rebotarm_msgs) StdoutLine: {'line': b'-- Found rosidl_adapter: 4.6.9 (/home/ylnn/DM_Armx/.pixi/envs/default/share/rosidl_adapter/cmake)\n'}
[0.318233] (rebotarm_msgs) StdoutLine: {'line': b'-- Found builtin_interfaces: 2.0.4 (/home/ylnn/DM_Armx/.pixi/envs/default/share/builtin_interfaces/cmake)\n'}
[0.326201] (rebotarm_msgs) StdoutLine: {'line': b'-- Found geometry_msgs: 5.3.8 (/home/ylnn/DM_Armx/.pixi/envs/default/share/geometry_msgs/cmake)\n'}
[0.400302] (-) TimerEvent: {}
[0.500504] (-) TimerEvent: {}
[0.600688] (-) TimerEvent: {}
[0.700901] (-) TimerEvent: {}
[0.801194] (-) TimerEvent: {}
[0.901487] (-) TimerEvent: {}
[0.914182] (rebotarm_msgs) StdoutLine: {'line': b'-- Found ament_cmake_ros: 0.12.1 (/home/ylnn/DM_Armx/.pixi/envs/default/share/ament_cmake_ros/cmake)\n'}
[1.001668] (-) TimerEvent: {}
[1.101886] (-) TimerEvent: {}
[1.202124] (-) TimerEvent: {}
[1.302367] (-) TimerEvent: {}
[1.331449] (rebotarm_msgs) StdoutLine: {'line': b'-- Using all available rosidl_typesupport_c: rosidl_typesupport_fastrtps_c;rosidl_typesupport_introspection_c\n'}
[1.402526] (-) TimerEvent: {}
[1.502800] (-) TimerEvent: {}
[1.603114] (-) TimerEvent: {}
[1.703398] (-) TimerEvent: {}
[1.803616] (-) TimerEvent: {}
[1.903870] (-) TimerEvent: {}
[1.921214] (rebotarm_msgs) StdoutLine: {'line': b'-- Using all available rosidl_typesupport_cpp: rosidl_typesupport_fastrtps_cpp;rosidl_typesupport_introspection_cpp\n'}
[1.922383] (rebotarm_msgs) StdoutLine: {'line': b'-- Found python_cmake_module: 0.11.1 (/home/ylnn/DM_Armx/.pixi/envs/default/share/python_cmake_module/cmake)\n'}
[2.004012] (-) TimerEvent: {}
[2.104232] (-) TimerEvent: {}
[2.205282] (-) TimerEvent: {}
[2.249246] (rebotarm_msgs) StdoutLine: {'line': b'-- Found Python3: /home/ylnn/DM_Armx/.pixi/envs/default/bin/python3 (found version "3.12.14") found components: Interpreter Development NumPy Development.Module Development.Embed\n'}
[2.305452] (-) TimerEvent: {}
[2.325378] (rebotarm_msgs) StdoutLine: {'line': b'-- Found Python3: /home/ylnn/DM_Armx/.pixi/envs/default/bin/python3 (found version "3.12.14") found components: Interpreter\n'}
[2.332941] (rebotarm_msgs) StdoutLine: {'line': b'-- Configuring done (2.3s)\n'}
[2.379666] (rebotarm_msgs) StdoutLine: {'line': b'-- Generating done (0.0s)\n'}
[2.391630] (rebotarm_msgs) StdoutLine: {'line': b'-- Build files have been written to: /home/ylnn/DM_Armx/build/rebotarm_msgs\n'}
[2.396461] (rebotarm_msgs) CommandEnded: {'returncode': 0}
[2.396936] (rebotarm_msgs) JobProgress: {'identifier': 'rebotarm_msgs', 'progress': 'build'}
[2.397378] (rebotarm_msgs) Command: {'cmd': ['/home/ylnn/DM_Armx/.pixi/envs/default/bin/cmake', '--build', '/home/ylnn/DM_Armx/build/rebotarm_msgs', '--', '-j16', '-l16'], 'cwd': '/home/ylnn/DM_Armx/build/rebotarm_msgs', 'env': OrderedDict({'LESSOPEN': '| /usr/bin/lesspipe %s', 'PIXI_ENVIRONMENT_NAME': 'default', 'USER': 'ylnn', 'XDG_SESSION_TYPE': 'wayland', 'PIXI_EXE': '/home/ylnn/.pixi/bin/pixi', 'PTYXIS_VERSION': '50.1', 'ROS_ETC_DIR': '/home/ylnn/DM_Armx/.pixi/envs/default/etc/ros', 'SHLVL': '2', 'LD_LIBRARY_PATH': '/home/ylnn/reBot_Arm_Mujoco-DM/reBotArm_ros2_DM/install/rebotarm_msgs/lib', 'HOME': '/home/ylnn', 'CONDA_SHLVL': '1', 'OLDPWD': '/home/ylnn/DM_Armx/src', 'DESKTOP_SESSION': 'ubuntu', 'IM_CONFIG_ENTRY': 'profile', 'ROS_PYTHON_VERSION': '3', 'GTK_MODULES': 'gail:atk-bridge', 'PS1': '(DM_Armx) \\[\\e]0;\\u@\\h: \\w\\a\\]${debian_chroot:+($debian_chroot)}\\[\\033[01;32m\\]\\u@\\h\\[\\033[00m\\]:\\[\\033[01;34m\\]\\w\\[\\033[00m\\]\\$', 'MANAGERPID': '3950', 'PIXI_IN_SHELL': '1', 'SYSTEMD_EXEC_PID': '4689', 'DBUS_SESSION_BUS_ADDRESS': 'unix:path=/run/user/1000/bus', 'COLORTERM': 'truecolor', 'GIO_LAUNCHED_DESKTOP_FILE_PID': '9131', 'GNOME_KEYRING_CONTROL': '/run/user/1000/keyring', 'DEBUGINFOD_URLS': 'https://debuginfod.ubuntu.com', 'WAYLAND_DISPLAY': 'wayland-0', 'COLCON_PREFIX_PATH': '/home/ylnn/DM_Armx/install:/home/ylnn/reBot_Arm_Mujoco-DM/reBotArm_ros2_DM/install', 'ROS_DISTRO': 'jazzy', 'LOGNAME': 'ylnn', 'MANAGERPIDFDID': '41209', 'JOURNAL_STREAM': '10:28149', '_': '/home/ylnn/DM_Armx/.pixi/envs/default/bin/colcon', 'ROS_VERSION': '2', 'MEMORY_PRESSURE_WATCH': '/sys/fs/cgroup/user.slice/user-1000.slice/user@1000.service/session.slice/org.gnome.SettingsDaemon.MediaKeys.service/memory.pressure', 'XDG_SESSION_CLASS': 'user', 'USERNAME': 'ylnn', 'TERM': 'xterm-256color', 'PIXI_ENVIRONMENT_PLATFORMS': 'linux-64', 'GNOME_DESKTOP_SESSION_ID': 'this-is-deprecated', 'ROS_OS_OVERRIDE': 'conda:linux', 'FLATPAK_TTY_PROGRESS': '1', 'PATH': '/home/ylnn/DM_Armx/.pixi/envs/default/bin:/home/ylnn/DM_Armx/.pixi/envs/default/bin:/home/ylnn/.pixi/bin:/home/ylnn/.local/bin:/usr/local/sbin:/usr/local/bin:/usr/sbin:/usr/bin:/sbin:/bin:/usr/games:/usr/local/games:/snap/bin:/snap/bin:/home/ylnn/.local/bin:/home/ylnn/.local/bin', 'INVOCATION_ID': '76dc85ded2e143c1ba10984d3af79769', 'XDG_MENU_PREFIX': 'gnome-', 'PTYXIS_PROFILE': '29ef11a0727ce3578ea238b06a997d6b', 'GNOME_SETUP_DISPLAY': 'unix:/tmp/.X11-unix/X1', 'PIXI_PROJECT_VERSION': '0.1.0', 'XDG_RUNTIME_DIR': '/run/user/1000', 'DISPLAY': ':0', 'LANG': 'zh_CN.UTF-8', 'XDG_CURRENT_DESKTOP': 'ubuntu:GNOME', 'XMODIFIERS': '@im=ibus', 'XDG_SESSION_DESKTOP': 'ubuntu', 'XAUTHORITY': '/run/user/1000/.mutter-Xwaylandauth.BCRSV3', 'LS_COLORS': 'rs=0:di=01;34:ln=01;36:mh=00:pi=40;33:so=01;35:do=01;35:bd=40;33;01:cd=40;33;01:or=40;31;01:mi=00:su=37;41:sg=30;43:ca=00:tw=30;42:ow=34;42:st=37;44:ex=01;32:*.tar=01;31:*.tgz=01;31:*.arc=01;31:*.arj=01;31:*.taz=01;31:*.lha=01;31:*.lz4=01;31:*.lzh=01;31:*.lzma=01;31:*.tlz=01;31:*.txz=01;31:*.tzo=01;31:*.t7z=01;31:*.zip=01;31:*.z=01;31:*.dz=01;31:*.gz=01;31:*.lrz=01;31:*.lz=01;31:*.lzo=01;31:*.xz=01;31:*.zst=01;31:*.tzst=01;31:*.bz2=01;31:*.bz=01;31:*.tbz=01;31:*.tbz2=01;31:*.tz=01;31:*.deb=01;31:*.rpm=01;31:*.jar=01;31:*.war=01;31:*.ear=01;31:*.sar=01;31:*.rar=01;31:*.alz=01;31:*.ace=01;31:*.zoo=01;31:*.cpio=01;31:*.7z=01;31:*.rz=01;31:*.cab=01;31:*.wim=01;31:*.swm=01;31:*.dwm=01;31:*.esd=01;31:*.avif=01;35:*.jpg=01;35:*.jpeg=01;35:*.mjpg=01;35:*.mjpeg=01;35:*.gif=01;35:*.bmp=01;35:*.pbm=01;35:*.pgm=01;35:*.ppm=01;35:*.tga=01;35:*.xbm=01;35:*.xpm=01;35:*.tif=01;35:*.tiff=01;35:*.png=01;35:*.svg=01;35:*.svgz=01;35:*.mng=01;35:*.pcx=01;35:*.mov=01;35:*.mpg=01;35:*.mpeg=01;35:*.m2v=01;35:*.mkv=01;35:*.webm=01;35:*.webp=01;35:*.ogm=01;35:*.mp4=01;35:*.m4v=01;35:*.mp4v=01;35:*.vob=01;35:*.qt=01;35:*.nuv=01;35:*.wmv=01;35:*.asf=01;35:*.rm=01;35:*.rmvb=01;35:*.flc=01;35:*.avi=01;35:*.fli=01;35:*.flv=01;35:*.gl=01;35:*.dl=01;35:*.xcf=01;35:*.xwd=01;35:*.yuv=01;35:*.cgm=01;35:*.emf=01;35:*.ogv=01;35:*.ogx=01;35:*.aac=00;36:*.au=00;36:*.flac=00;36:*.m4a=00;36:*.mid=00;36:*.midi=00;36:*.mka=00;36:*.mp3=00;36:*.mpc=00;36:*.ogg=00;36:*.ra=00;36:*.wav=00;36:*.oga=00;36:*.opus=00;36:*.spx=00;36:*.xspf=00;36:*~=00;90:*#=00;90:*.bak=00;90:*.old=00;90:*.orig=00;90:*.part=00;90:*.rej=00;90:*.swp=00;90:*.tmp=00;90:*.dpkg-dist=00;90:*.dpkg-old=00;90:*.ucf-dist=00;90:*.ucf-new=00;90:*.ucf-old=00;90:*.rpmnew=00;90:*.rpmorig=00;90:*.rpmsave=00;90:', 'SSH_AUTH_SOCK': '/run/user/1000/gcr/ssh', 'PIXI_PROMPT': '(DM_Armx)', 'XML_CATALOG_FILES': 'file:///home/ylnn/DM_Armx/.pixi/envs/default/etc/xml/catalog file:///etc/xml/catalog', 'GSETTINGS_SCHEMA_DIR': '/home/ylnn/DM_Armx/.pixi/envs/default/share/glib-2.0/schemas', 'AMENT_PREFIX_PATH': '/home/ylnn/DM_Armx/.pixi/envs/default', 'SHELL': '/bin/bash', 'QT_ACCESSIBILITY': '1', 'GDMSESSION': 'ubuntu', 'LESSCLOSE': '/usr/bin/lesspipe %s %s', 'CONDA_DEFAULT_ENV': 'DM_Armx', 'PIXI_PROJECT_ROOT': '/home/ylnn/DM_Armx', 'GPG_AGENT_INFO': '/run/user/1000/gnupg/S.gpg-agent:0:1', 'PIXI_PROJECT_MANIFEST': '/home/ylnn/DM_Armx/pixi.toml', 'ROS_AUTOMATIC_DISCOVERY_RANGE': 'SUBNET', 'QT_IM_MODULE': 'ibus', 'PWD': '/home/ylnn/DM_Armx/build/rebotarm_msgs', 'XDG_CONFIG_DIRS': '/etc/xdg/xdg-ubuntu:/etc/xdg', 'PIXI_PROJECT_NAME': 'DM_Armx', 'XDG_DATA_DIRS': '/usr/share/ubuntu:/usr/share/gnome:/usr/local/share/:/usr/share/:/var/lib/snapd/desktop', 'XDG_SESSION_EXTRA_DEVICE_ACCESS': 'render:accel', 'PYTHONPATH': '/home/ylnn/DM_Armx/install/mujoco_pkg/lib/python3.12/site-packages:/home/ylnn/reBot_Arm_Mujoco-DM/reBotArm_ros2_DM/build/rebotarm_mujoco:/home/ylnn/reBot_Arm_Mujoco-DM/reBotArm_ros2_DM/install/rebotarm_mujoco/lib/python3.12/site-packages:/home/ylnn/reBot_Arm_Mujoco-DM/reBotArm_ros2_DM/build/rebotarm_moveit_demos:/home/ylnn/reBot_Arm_Mujoco-DM/reBotArm_ros2_DM/install/rebotarm_moveit_demos/lib/python3.12/site-packages:/home/ylnn/reBot_Arm_Mujoco-DM/reBotArm_ros2_DM/build/rebotarm_bringup:/home/ylnn/reBot_Arm_Mujoco-DM/reBotArm_ros2_DM/install/rebotarm_bringup/lib/python3.12/site-packages:/home/ylnn/reBot_Arm_Mujoco-DM/reBotArm_ros2_DM/build/rebotarmcontroller:/home/ylnn/reBot_Arm_Mujoco-DM/reBotArm_ros2_DM/install/rebotarmcontroller/lib/python3.12/site-packages:/home/ylnn/reBot_Arm_Mujoco-DM/reBotArm_ros2_DM/build/rebotarm_agent:/home/ylnn/reBot_Arm_Mujoco-DM/reBotArm_ros2_DM/install/rebotarm_agent/lib/python3.12/site-packages:/home/ylnn/reBot_Arm_Mujoco-DM/reBotArm_ros2_DM/install/rebotarm_msgs/lib/python3.12/site-packages:/home/ylnn/DM_Armx/.pixi/envs/default/lib/python/site-packages:/home/ylnn/DM_Armx/.pixi/envs/default/lib/python3.12/site-packages', 'CONDA_PREFIX': '/home/ylnn/DM_Armx/.pixi/envs/default', 'GSETTINGS_SCHEMA_DIR_CONDA_BACKUP': '', 'COLCON': '1', 'QT_IM_MODULES': 'wayland;ibus', 'MEMORY_PRESSURE_WRITE': 'c29tZSAyMDAwMDAgMjAwMDAwMAA=', 'VTE_VERSION': '8400', 'CMAKE_PREFIX_PATH': '/home/ylnn/reBot_Arm_Mujoco-DM/reBotArm_ros2_DM/install/rebotarm_moveit_config:/home/ylnn/reBot_Arm_Mujoco-DM/reBotArm_ros2_DM/install/rebotarm_msgs:/home/ylnn/DM_Armx/.pixi/envs/default'}), 'shell': False}
[2.408272] (-) TimerEvent: {}
[2.429703] (rebotarm_msgs) StdoutLine: {'line': b'[  2%] Built target rebotarm_msgs__rosidl_generator_type_description\n'}
[2.429838] (rebotarm_msgs) StdoutLine: {'line': b'[  2%] Built target rebotarm_msgs__rs\n'}
[2.433177] (rebotarm_msgs) StdoutLine: {'line': b'[  2%] Built target ament_cmake_python_symlink_rebotarm_msgs\n'}
[2.440308] (rebotarm_msgs) StdoutLine: {'line': b'[  2%] Built target rebotarm_msgs__cpp\n'}
[2.454616] (rebotarm_msgs) StdoutLine: {'line': b'[ 28%] Built target rebotarm_msgs__rosidl_generator_c\n'}
[2.475550] (rebotarm_msgs) StdoutLine: {'line': b'[ 37%] Built target rebotarm_msgs__rosidl_typesupport_c\n'}
[2.476942] (rebotarm_msgs) StdoutLine: {'line': b'[ 47%] Built target rebotarm_msgs__rosidl_typesupport_introspection_c\n'}
[2.480455] (rebotarm_msgs) StdoutLine: {'line': b'[ 56%] Built target rebotarm_msgs__rosidl_typesupport_introspection_cpp\n'}
[2.485363] (rebotarm_msgs) StdoutLine: {'line': b'[ 66%] Built target rebotarm_msgs__rosidl_typesupport_cpp\n'}
[2.487444] (rebotarm_msgs) StdoutLine: {'line': b'[ 75%] Built target rebotarm_msgs__rosidl_typesupport_fastrtps_c\n'}
[2.488019] (rebotarm_msgs) StdoutLine: {'line': b'[ 85%] Built target rebotarm_msgs__rosidl_typesupport_fastrtps_cpp\n'}
[2.499367] (rebotarm_msgs) StdoutLine: {'line': b'[ 85%] Built target rebotarm_msgs\n'}
[2.508362] (-) TimerEvent: {}
[2.511281] (rebotarm_msgs) StdoutLine: {'line': b'[ 86%] Built target rebotarm_msgs__py\n'}
[2.536130] (rebotarm_msgs) StdoutLine: {'line': b'[ 95%] Built target rebotarm_msgs__rosidl_generator_py\n'}
[2.552681] (rebotarm_msgs) StdoutLine: {'line': b'[ 98%] Built target rebotarm_msgs_s__rosidl_typesupport_fastrtps_c\n'}
[2.552797] (rebotarm_msgs) StdoutLine: {'line': b'[100%] Built target rebotarm_msgs_s__rosidl_typesupport_c\n'}
[2.552837] (rebotarm_msgs) StdoutLine: {'line': b'[100%] Built target rebotarm_msgs_s__rosidl_typesupport_introspection_c\n'}
[2.556906] (rebotarm_msgs) StdoutLine: {'line': b'running egg_info\n'}
[2.562127] (rebotarm_msgs) StdoutLine: {'line': b'writing rebotarm_msgs.egg-info/PKG-INFO\n'}
[2.562291] (rebotarm_msgs) StdoutLine: {'line': b'writing dependency_links to rebotarm_msgs.egg-info/dependency_links.txt\n'}
[2.562402] (rebotarm_msgs) StdoutLine: {'line': b'writing top-level names to rebotarm_msgs.egg-info/top_level.txt\n'}
[2.579111] (rebotarm_msgs) StdoutLine: {'line': b"reading manifest file 'rebotarm_msgs.egg-info/SOURCES.txt'\n"}
[2.580149] (rebotarm_msgs) StdoutLine: {'line': b"writing manifest file 'rebotarm_msgs.egg-info/SOURCES.txt'\n"}
[2.595466] (rebotarm_msgs) StdoutLine: {'line': b'[100%] Built target ament_cmake_python_build_rebotarm_msgs_egg\n'}
[2.602765] (rebotarm_msgs) CommandEnded: {'returncode': 0}
[2.603394] (rebotarm_msgs) JobProgress: {'identifier': 'rebotarm_msgs', 'progress': 'install'}
[2.608660] (rebotarm_msgs) Command: {'cmd': ['/home/ylnn/DM_Armx/.pixi/envs/default/bin/cmake', '--install', '/home/ylnn/DM_Armx/build/rebotarm_msgs'], 'cwd': '/home/ylnn/DM_Armx/build/rebotarm_msgs', 'env': OrderedDict({'LESSOPEN': '| /usr/bin/lesspipe %s', 'PIXI_ENVIRONMENT_NAME': 'default', 'USER': 'ylnn', 'XDG_SESSION_TYPE': 'wayland', 'PIXI_EXE': '/home/ylnn/.pixi/bin/pixi', 'PTYXIS_VERSION': '50.1', 'ROS_ETC_DIR': '/home/ylnn/DM_Armx/.pixi/envs/default/etc/ros', 'SHLVL': '2', 'LD_LIBRARY_PATH': '/home/ylnn/reBot_Arm_Mujoco-DM/reBotArm_ros2_DM/install/rebotarm_msgs/lib', 'HOME': '/home/ylnn', 'CONDA_SHLVL': '1', 'OLDPWD': '/home/ylnn/DM_Armx/src', 'DESKTOP_SESSION': 'ubuntu', 'IM_CONFIG_ENTRY': 'profile', 'ROS_PYTHON_VERSION': '3', 'GTK_MODULES': 'gail:atk-bridge', 'PS1': '(DM_Armx) \\[\\e]0;\\u@\\h: \\w\\a\\]${debian_chroot:+($debian_chroot)}\\[\\033[01;32m\\]\\u@\\h\\[\\033[00m\\]:\\[\\033[01;34m\\]\\w\\[\\033[00m\\]\\$', 'MANAGERPID': '3950', 'PIXI_IN_SHELL': '1', 'SYSTEMD_EXEC_PID': '4689', 'DBUS_SESSION_BUS_ADDRESS': 'unix:path=/run/user/1000/bus', 'COLORTERM': 'truecolor', 'GIO_LAUNCHED_DESKTOP_FILE_PID': '9131', 'GNOME_KEYRING_CONTROL': '/run/user/1000/keyring', 'DEBUGINFOD_URLS': 'https://debuginfod.ubuntu.com', 'WAYLAND_DISPLAY': 'wayland-0', 'COLCON_PREFIX_PATH': '/home/ylnn/DM_Armx/install:/home/ylnn/reBot_Arm_Mujoco-DM/reBotArm_ros2_DM/install', 'ROS_DISTRO': 'jazzy', 'LOGNAME': 'ylnn', 'MANAGERPIDFDID': '41209', 'JOURNAL_STREAM': '10:28149', '_': '/home/ylnn/DM_Armx/.pixi/envs/default/bin/colcon', 'ROS_VERSION': '2', 'MEMORY_PRESSURE_WATCH': '/sys/fs/cgroup/user.slice/user-1000.slice/user@1000.service/session.slice/org.gnome.SettingsDaemon.MediaKeys.service/memory.pressure', 'XDG_SESSION_CLASS': 'user', 'USERNAME': 'ylnn', 'TERM': 'xterm-256color', 'PIXI_ENVIRONMENT_PLATFORMS': 'linux-64', 'GNOME_DESKTOP_SESSION_ID': 'this-is-deprecated', 'ROS_OS_OVERRIDE': 'conda:linux', 'FLATPAK_TTY_PROGRESS': '1', 'PATH': '/home/ylnn/DM_Armx/.pixi/envs/default/bin:/home/ylnn/DM_Armx/.pixi/envs/default/bin:/home/ylnn/.pixi/bin:/home/ylnn/.local/bin:/usr/local/sbin:/usr/local/bin:/usr/sbin:/usr/bin:/sbin:/bin:/usr/games:/usr/local/games:/snap/bin:/snap/bin:/home/ylnn/.local/bin:/home/ylnn/.local/bin', 'INVOCATION_ID': '76dc85ded2e143c1ba10984d3af79769', 'XDG_MENU_PREFIX': 'gnome-', 'PTYXIS_PROFILE': '29ef11a0727ce3578ea238b06a997d6b', 'GNOME_SETUP_DISPLAY': 'unix:/tmp/.X11-unix/X1', 'PIXI_PROJECT_VERSION': '0.1.0', 'XDG_RUNTIME_DIR': '/run/user/1000', 'DISPLAY': ':0', 'LANG': 'zh_CN.UTF-8', 'XDG_CURRENT_DESKTOP': 'ubuntu:GNOME', 'XMODIFIERS': '@im=ibus', 'XDG_SESSION_DESKTOP': 'ubuntu', 'XAUTHORITY': '/run/user/1000/.mutter-Xwaylandauth.BCRSV3', 'LS_COLORS': 'rs=0:di=01;34:ln=01;36:mh=00:pi=40;33:so=01;35:do=01;35:bd=40;33;01:cd=40;33;01:or=40;31;01:mi=00:su=37;41:sg=30;43:ca=00:tw=30;42:ow=34;42:st=37;44:ex=01;32:*.tar=01;31:*.tgz=01;31:*.arc=01;31:*.arj=01;31:*.taz=01;31:*.lha=01;31:*.lz4=01;31:*.lzh=01;31:*.lzma=01;31:*.tlz=01;31:*.txz=01;31:*.tzo=01;31:*.t7z=01;31:*.zip=01;31:*.z=01;31:*.dz=01;31:*.gz=01;31:*.lrz=01;31:*.lz=01;31:*.lzo=01;31:*.xz=01;31:*.zst=01;31:*.tzst=01;31:*.bz2=01;31:*.bz=01;31:*.tbz=01;31:*.tbz2=01;31:*.tz=01;31:*.deb=01;31:*.rpm=01;31:*.jar=01;31:*.war=01;31:*.ear=01;31:*.sar=01;31:*.rar=01;31:*.alz=01;31:*.ace=01;31:*.zoo=01;31:*.cpio=01;31:*.7z=01;31:*.rz=01;31:*.cab=01;31:*.wim=01;31:*.swm=01;31:*.dwm=01;31:*.esd=01;31:*.avif=01;35:*.jpg=01;35:*.jpeg=01;35:*.mjpg=01;35:*.mjpeg=01;35:*.gif=01;35:*.bmp=01;35:*.pbm=01;35:*.pgm=01;35:*.ppm=01;35:*.tga=01;35:*.xbm=01;35:*.xpm=01;35:*.tif=01;35:*.tiff=01;35:*.png=01;35:*.svg=01;35:*.svgz=01;35:*.mng=01;35:*.pcx=01;35:*.mov=01;35:*.mpg=01;35:*.mpeg=01;35:*.m2v=01;35:*.mkv=01;35:*.webm=01;35:*.webp=01;35:*.ogm=01;35:*.mp4=01;35:*.m4v=01;35:*.mp4v=01;35:*.vob=01;35:*.qt=01;35:*.nuv=01;35:*.wmv=01;35:*.asf=01;35:*.rm=01;35:*.rmvb=01;35:*.flc=01;35:*.avi=01;35:*.fli=01;35:*.flv=01;35:*.gl=01;35:*.dl=01;35:*.xcf=01;35:*.xwd=01;35:*.yuv=01;35:*.cgm=01;35:*.emf=01;35:*.ogv=01;35:*.ogx=01;35:*.aac=00;36:*.au=00;36:*.flac=00;36:*.m4a=00;36:*.mid=00;36:*.midi=00;36:*.mka=00;36:*.mp3=00;36:*.mpc=00;36:*.ogg=00;36:*.ra=00;36:*.wav=00;36:*.oga=00;36:*.opus=00;36:*.spx=00;36:*.xspf=00;36:*~=00;90:*#=00;90:*.bak=00;90:*.old=00;90:*.orig=00;90:*.part=00;90:*.rej=00;90:*.swp=00;90:*.tmp=00;90:*.dpkg-dist=00;90:*.dpkg-old=00;90:*.ucf-dist=00;90:*.ucf-new=00;90:*.ucf-old=00;90:*.rpmnew=00;90:*.rpmorig=00;90:*.rpmsave=00;90:', 'SSH_AUTH_SOCK': '/run/user/1000/gcr/ssh', 'PIXI_PROMPT': '(DM_Armx)', 'XML_CATALOG_FILES': 'file:///home/ylnn/DM_Armx/.pixi/envs/default/etc/xml/catalog file:///etc/xml/catalog', 'GSETTINGS_SCHEMA_DIR': '/home/ylnn/DM_Armx/.pixi/envs/default/share/glib-2.0/schemas', 'AMENT_PREFIX_PATH': '/home/ylnn/DM_Armx/.pixi/envs/default', 'SHELL': '/bin/bash', 'QT_ACCESSIBILITY': '1', 'GDMSESSION': 'ubuntu', 'LESSCLOSE': '/usr/bin/lesspipe %s %s', 'CONDA_DEFAULT_ENV': 'DM_Armx', 'PIXI_PROJECT_ROOT': '/home/ylnn/DM_Armx', 'GPG_AGENT_INFO': '/run/user/1000/gnupg/S.gpg-agent:0:1', 'PIXI_PROJECT_MANIFEST': '/home/ylnn/DM_Armx/pixi.toml', 'ROS_AUTOMATIC_DISCOVERY_RANGE': 'SUBNET', 'QT_IM_MODULE': 'ibus', 'PWD': '/home/ylnn/DM_Armx/build/rebotarm_msgs', 'XDG_CONFIG_DIRS': '/etc/xdg/xdg-ubuntu:/etc/xdg', 'PIXI_PROJECT_NAME': 'DM_Armx', 'XDG_DATA_DIRS': '/usr/share/ubuntu:/usr/share/gnome:/usr/local/share/:/usr/share/:/var/lib/snapd/desktop', 'XDG_SESSION_EXTRA_DEVICE_ACCESS': 'render:accel', 'PYTHONPATH': '/home/ylnn/DM_Armx/install/mujoco_pkg/lib/python3.12/site-packages:/home/ylnn/reBot_Arm_Mujoco-DM/reBotArm_ros2_DM/build/rebotarm_mujoco:/home/ylnn/reBot_Arm_Mujoco-DM/reBotArm_ros2_DM/install/rebotarm_mujoco/lib/python3.12/site-packages:/home/ylnn/reBot_Arm_Mujoco-DM/reBotArm_ros2_DM/build/rebotarm_moveit_demos:/home/ylnn/reBot_Arm_Mujoco-DM/reBotArm_ros2_DM/install/rebotarm_moveit_demos/lib/python3.12/site-packages:/home/ylnn/reBot_Arm_Mujoco-DM/reBotArm_ros2_DM/build/rebotarm_bringup:/home/ylnn/reBot_Arm_Mujoco-DM/reBotArm_ros2_DM/install/rebotarm_bringup/lib/python3.12/site-packages:/home/ylnn/reBot_Arm_Mujoco-DM/reBotArm_ros2_DM/build/rebotarmcontroller:/home/ylnn/reBot_Arm_Mujoco-DM/reBotArm_ros2_DM/install/rebotarmcontroller/lib/python3.12/site-packages:/home/ylnn/reBot_Arm_Mujoco-DM/reBotArm_ros2_DM/build/rebotarm_agent:/home/ylnn/reBot_Arm_Mujoco-DM/reBotArm_ros2_DM/install/rebotarm_agent/lib/python3.12/site-packages:/home/ylnn/reBot_Arm_Mujoco-DM/reBotArm_ros2_DM/install/rebotarm_msgs/lib/python3.12/site-packages:/home/ylnn/DM_Armx/.pixi/envs/default/lib/python/site-packages:/home/ylnn/DM_Armx/.pixi/envs/default/lib/python3.12/site-packages', 'CONDA_PREFIX': '/home/ylnn/DM_Armx/.pixi/envs/default', 'GSETTINGS_SCHEMA_DIR_CONDA_BACKUP': '', 'COLCON': '1', 'QT_IM_MODULES': 'wayland;ibus', 'MEMORY_PRESSURE_WRITE': 'c29tZSAyMDAwMDAgMjAwMDAwMAA=', 'VTE_VERSION': '8400', 'CMAKE_PREFIX_PATH': '/home/ylnn/reBot_Arm_Mujoco-DM/reBotArm_ros2_DM/install/rebotarm_moveit_config:/home/ylnn/reBot_Arm_Mujoco-DM/reBotArm_ros2_DM/install/rebotarm_msgs:/home/ylnn/DM_Armx/.pixi/envs/default'}), 'shell': False}
[2.609072] (-) TimerEvent: {}
[2.613551] (rebotarm_msgs) StdoutLine: {'line': b'-- Install configuration: ""\n'}
[2.614121] (rebotarm_msgs) StdoutLine: {'line': b'-- Execute custom install script\n'}
[2.614245] (rebotarm_msgs) StdoutLine: {'line': b'-- Up-to-date symlink: /home/ylnn/DM_Armx/install/rebotarm_msgs/share/ament_index/resource_index/rosidl_interfaces/rebotarm_msgs\n'}
[2.614362] (rebotarm_msgs) StdoutLine: {'line': b'-- Up-to-date symlink: /home/ylnn/DM_Armx/install/rebotarm_msgs/share/rebotarm_msgs/msg/JointMotorCmd.json\n'}
[2.614454] (rebotarm_msgs) StdoutLine: {'line': b'-- Up-to-date symlink: /home/ylnn/DM_Armx/install/rebotarm_msgs/share/rebotarm_msgs/msg/JointMitCmd.json\n'}
[2.614540] (rebotarm_msgs) StdoutLine: {'line': b'-- Up-to-date symlink: /home/ylnn/DM_Armx/install/rebotarm_msgs/share/rebotarm_msgs/msg/JointPosVelCmd.json\n'}
[2.614625] (rebotarm_msgs) StdoutLine: {'line': b'-- Up-to-date symlink: /home/ylnn/DM_Armx/install/rebotarm_msgs/share/rebotarm_msgs/msg/JointMotorState.json\n'}
[2.614709] (rebotarm_msgs) StdoutLine: {'line': b'-- Up-to-date symlink: /home/ylnn/DM_Armx/install/rebotarm_msgs/share/rebotarm_msgs/msg/ArmStatus.json\n'}
[2.614794] (rebotarm_msgs) StdoutLine: {'line': b'-- Up-to-date symlink: /home/ylnn/DM_Armx/install/rebotarm_msgs/share/rebotarm_msgs/srv/SetMode.json\n'}
[2.614879] (rebotarm_msgs) StdoutLine: {'line': b'-- Up-to-date symlink: /home/ylnn/DM_Armx/install/rebotarm_msgs/share/rebotarm_msgs/srv/SetZero.json\n'}
[2.614962] (rebotarm_msgs) StdoutLine: {'line': b'-- Up-to-date symlink: /home/ylnn/DM_Armx/install/rebotarm_msgs/share/rebotarm_msgs/srv/MoveToPoseIK.json\n'}
[2.615045] (rebotarm_msgs) StdoutLine: {'line': b'-- Up-to-date symlink: /home/ylnn/DM_Armx/install/rebotarm_msgs/share/rebotarm_msgs/srv/SetGripper.json\n'}
[2.615129] (rebotarm_msgs) StdoutLine: {'line': b'-- Up-to-date symlink: /home/ylnn/DM_Armx/install/rebotarm_msgs/share/rebotarm_msgs/srv/GripperCommand.json\n'}
[2.615213] (rebotarm_msgs) StdoutLine: {'line': b'-- Up-to-date symlink: /home/ylnn/DM_Armx/install/rebotarm_msgs/share/rebotarm_msgs/action/MoveToPose.json\n'}
[2.615850] (rebotarm_msgs) StdoutLine: {'line': b'-- Up-to-date symlink: /home/ylnn/DM_Armx/install/rebotarm_msgs/include/rebotarm_msgs/rebotarm_msgs/action/detail/move_to_pose__functions.h\n'}
[2.615925] (rebotarm_msgs) StdoutLine: {'line': b'-- Up-to-date symlink: /home/ylnn/DM_Armx/install/rebotarm_msgs/include/rebotarm_msgs/rebotarm_msgs/action/detail/move_to_pose__struct.h\n'}
[2.615995] (rebotarm_msgs) StdoutLine: {'line': b'-- Up-to-date symlink: /home/ylnn/DM_Armx/install/rebotarm_msgs/include/rebotarm_msgs/rebotarm_msgs/action/detail/move_to_pose__type_support.h\n'}
[2.616064] (rebotarm_msgs) StdoutLine: {'line': b'-- Up-to-date symlink: /home/ylnn/DM_Armx/install/rebotarm_msgs/include/rebotarm_msgs/rebotarm_msgs/action/move_to_pose.h\n'}
[2.616135] (rebotarm_msgs) StdoutLine: {'line': b'-- Up-to-date symlink: /home/ylnn/DM_Armx/install/rebotarm_msgs/include/rebotarm_msgs/rebotarm_msgs/msg/arm_status.h\n'}
[2.616205] (rebotarm_msgs) StdoutLine: {'line': b'-- Up-to-date symlink: /home/ylnn/DM_Armx/install/rebotarm_msgs/include/rebotarm_msgs/rebotarm_msgs/msg/detail/arm_status__functions.h\n'}
[2.616283] (rebotarm_msgs) StdoutLine: {'line': b'-- Up-to-date symlink: /home/ylnn/DM_Armx/install/rebotarm_msgs/include/rebotarm_msgs/rebotarm_msgs/msg/detail/arm_status__struct.h\n'}
[2.616382] (rebotarm_msgs) StdoutLine: {'line': b'-- Up-to-date symlink: /home/ylnn/DM_Armx/install/rebotarm_msgs/include/rebotarm_msgs/rebotarm_msgs/msg/detail/arm_status__type_support.h\n'}
[2.616685] (rebotarm_msgs) StdoutLine: {'line': b'-- Up-to-date symlink: /home/ylnn/DM_Armx/install/rebotarm_msgs/include/rebotarm_msgs/rebotarm_msgs/msg/detail/joint_mit_cmd__functions.h\n'}
[2.616769] (rebotarm_msgs) StdoutLine: {'line': b'-- Up-to-date symlink: /home/ylnn/DM_Armx/install/rebotarm_msgs/include/rebotarm_msgs/rebotarm_msgs/msg/detail/joint_mit_cmd__struct.h\n'}
[2.616853] (rebotarm_msgs) StdoutLine: {'line': b'-- Up-to-date symlink: /home/ylnn/DM_Armx/install/rebotarm_msgs/include/rebotarm_msgs/rebotarm_msgs/msg/detail/joint_mit_cmd__type_support.h\n'}
[2.616930] (rebotarm_msgs) StdoutLine: {'line': b'-- Up-to-date symlink: /home/ylnn/DM_Armx/install/rebotarm_msgs/include/rebotarm_msgs/rebotarm_msgs/msg/detail/joint_motor_cmd__functions.h\n'}
[2.617005] (rebotarm_msgs) StdoutLine: {'line': b'-- Up-to-date symlink: /home/ylnn/DM_Armx/install/rebotarm_msgs/include/rebotarm_msgs/rebotarm_msgs/msg/detail/joint_motor_cmd__struct.h\n'}
[2.617080] (rebotarm_msgs) StdoutLine: {'line': b'-- Up-to-date symlink: /home/ylnn/DM_Armx/install/rebotarm_msgs/include/rebotarm_msgs/rebotarm_msgs/msg/detail/joint_motor_cmd__type_support.h\n'}
[2.617160] (rebotarm_msgs) StdoutLine: {'line': b'-- Up-to-date symlink: /home/ylnn/DM_Armx/install/rebotarm_msgs/include/rebotarm_msgs/rebotarm_msgs/msg/detail/joint_motor_state__functions.h\n'}
[2.617234] (rebotarm_msgs) StdoutLine: {'line': b'-- Up-to-date symlink: /home/ylnn/DM_Armx/install/rebotarm_msgs/include/rebotarm_msgs/rebotarm_msgs/msg/detail/joint_motor_state__struct.h\n'}
[2.617314] (rebotarm_msgs) StdoutLine: {'line': b'-- Up-to-date symlink: /home/ylnn/DM_Armx/install/rebotarm_msgs/include/rebotarm_msgs/rebotarm_msgs/msg/detail/joint_motor_state__type_support.h\n'}
[2.617388] (rebotarm_msgs) StdoutLine: {'line': b'-- Up-to-date symlink: /home/ylnn/DM_Armx/install/rebotarm_msgs/include/rebotarm_msgs/rebotarm_msgs/msg/detail/joint_pos_vel_cmd__functions.h\n'}
[2.617461] (rebotarm_msgs) StdoutLine: {'line': b'-- Up-to-date symlink: /home/ylnn/DM_Armx/install/rebotarm_msgs/include/rebotarm_msgs/rebotarm_msgs/msg/detail/joint_pos_vel_cmd__struct.h\n'}
[2.617535] (rebotarm_msgs) StdoutLine: {'line': b'-- Up-to-date symlink: /home/ylnn/DM_Armx/install/rebotarm_msgs/include/rebotarm_msgs/rebotarm_msgs/msg/detail/joint_pos_vel_cmd__type_support.h\n'}
[2.617608] (rebotarm_msgs) StdoutLine: {'line': b'-- Up-to-date symlink: /home/ylnn/DM_Armx/install/rebotarm_msgs/include/rebotarm_msgs/rebotarm_msgs/msg/joint_mit_cmd.h\n'}
[2.617678] (rebotarm_msgs) StdoutLine: {'line': b'-- Up-to-date symlink: /home/ylnn/DM_Armx/install/rebotarm_msgs/include/rebotarm_msgs/rebotarm_msgs/msg/joint_motor_cmd.h\n'}
[2.617750] (rebotarm_msgs) StdoutLine: {'line': b'-- Up-to-date symlink: /home/ylnn/DM_Armx/install/rebotarm_msgs/include/rebotarm_msgs/rebotarm_msgs/msg/joint_motor_state.h\n'}
[2.617829] (rebotarm_msgs) StdoutLine: {'line': b'-- Up-to-date symlink: /home/ylnn/DM_Armx/install/rebotarm_msgs/include/rebotarm_msgs/rebotarm_msgs/msg/joint_pos_vel_cmd.h\n'}
[2.617904] (rebotarm_msgs) StdoutLine: {'line': b'-- Up-to-date symlink: /home/ylnn/DM_Armx/install/rebotarm_msgs/include/rebotarm_msgs/rebotarm_msgs/msg/rosidl_generator_c__visibility_control.h\n'}
[2.617982] (rebotarm_msgs) StdoutLine: {'line': b'-- Up-to-date symlink: /home/ylnn/DM_Armx/install/rebotarm_msgs/include/rebotarm_msgs/rebotarm_msgs/srv/detail/gripper_command__functions.h\n'}
[2.618056] (rebotarm_msgs) StdoutLine: {'line': b'-- Up-to-date symlink: /home/ylnn/DM_Armx/install/rebotarm_msgs/include/rebotarm_msgs/rebotarm_msgs/srv/detail/gripper_command__struct.h\n'}
[2.618132] (rebotarm_msgs) StdoutLine: {'line': b'-- Up-to-date symlink: /home/ylnn/DM_Armx/install/rebotarm_msgs/include/rebotarm_msgs/rebotarm_msgs/srv/detail/gripper_command__type_support.h\n'}
[2.618202] (rebotarm_msgs) StdoutLine: {'line': b'-- Up-to-date symlink: /home/ylnn/DM_Armx/install/rebotarm_msgs/include/rebotarm_msgs/rebotarm_msgs/srv/detail/move_to_pose_ik__functions.h\n'}
[2.618286] (rebotarm_msgs) StdoutLine: {'line': b'-- Up-to-date symlink: /home/ylnn/DM_Armx/install/rebotarm_msgs/include/rebotarm_msgs/rebotarm_msgs/srv/detail/move_to_pose_ik__struct.h\n'}
[2.618358] (rebotarm_msgs) StdoutLine: {'line': b'-- Up-to-date symlink: /home/ylnn/DM_Armx/install/rebotarm_msgs/include/rebotarm_msgs/rebotarm_msgs/srv/detail/move_to_pose_ik__type_support.h\n'}
[2.618446] (rebotarm_msgs) StdoutLine: {'line': b'-- Up-to-date symlink: /home/ylnn/DM_Armx/install/rebotarm_msgs/include/rebotarm_msgs/rebotarm_msgs/srv/detail/set_gripper__functions.h\n'}
[2.618523] (rebotarm_msgs) StdoutLine: {'line': b'-- Up-to-date symlink: /home/ylnn/DM_Armx/install/rebotarm_msgs/include/rebotarm_msgs/rebotarm_msgs/srv/detail/set_gripper__struct.h\n'}
[2.618605] (rebotarm_msgs) StdoutLine: {'line': b'-- Up-to-date symlink: /home/ylnn/DM_Armx/install/rebotarm_msgs/include/rebotarm_msgs/rebotarm_msgs/srv/detail/set_gripper__type_support.h\n'}
[2.618688] (rebotarm_msgs) StdoutLine: {'line': b'-- Up-to-date symlink: /home/ylnn/DM_Armx/install/rebotarm_msgs/include/rebotarm_msgs/rebotarm_msgs/srv/detail/set_mode__functions.h\n'}
[2.618771] (rebotarm_msgs) StdoutLine: {'line': b'-- Up-to-date symlink: /home/ylnn/DM_Armx/install/rebotarm_msgs/include/rebotarm_msgs/rebotarm_msgs/srv/detail/set_mode__struct.h\n'}
[2.618854] (rebotarm_msgs) StdoutLine: {'line': b'-- Up-to-date symlink: /home/ylnn/DM_Armx/install/rebotarm_msgs/include/rebotarm_msgs/rebotarm_msgs/srv/detail/set_mode__type_support.h\n'}
[2.618926] (rebotarm_msgs) StdoutLine: {'line': b'-- Up-to-date symlink: /home/ylnn/DM_Armx/install/rebotarm_msgs/include/rebotarm_msgs/rebotarm_msgs/srv/detail/set_zero__functions.h\n'}
[2.618997] (rebotarm_msgs) StdoutLine: {'line': b'-- Up-to-date symlink: /home/ylnn/DM_Armx/install/rebotarm_msgs/include/rebotarm_msgs/rebotarm_msgs/srv/detail/set_zero__struct.h\n'}
[2.619068] (rebotarm_msgs) StdoutLine: {'line': b'-- Up-to-date symlink: /home/ylnn/DM_Armx/install/rebotarm_msgs/include/rebotarm_msgs/rebotarm_msgs/srv/detail/set_zero__type_support.h\n'}
[2.619141] (rebotarm_msgs) StdoutLine: {'line': b'-- Up-to-date symlink: /home/ylnn/DM_Armx/install/rebotarm_msgs/include/rebotarm_msgs/rebotarm_msgs/srv/gripper_command.h\n'}
[2.619214] (rebotarm_msgs) StdoutLine: {'line': b'-- Up-to-date symlink: /home/ylnn/DM_Armx/install/rebotarm_msgs/include/rebotarm_msgs/rebotarm_msgs/srv/move_to_pose_ik.h\n'}
[2.619318] (rebotarm_msgs) StdoutLine: {'line': b'-- Up-to-date symlink: /home/ylnn/DM_Armx/install/rebotarm_msgs/include/rebotarm_msgs/rebotarm_msgs/srv/set_gripper.h\n'}
[2.619392] (rebotarm_msgs) StdoutLine: {'line': b'-- Up-to-date symlink: /home/ylnn/DM_Armx/install/rebotarm_msgs/include/rebotarm_msgs/rebotarm_msgs/srv/set_mode.h\n'}
[2.619463] (rebotarm_msgs) StdoutLine: {'line': b'-- Up-to-date symlink: /home/ylnn/DM_Armx/install/rebotarm_msgs/include/rebotarm_msgs/rebotarm_msgs/srv/set_zero.h\n'}
[2.619575] (rebotarm_msgs) StdoutLine: {'line': b'-- Up-to-date symlink: /home/ylnn/DM_Armx/install/rebotarm_msgs/include/rebotarm_msgs/rebotarm_msgs/action/detail/move_to_pose__rosidl_typesupport_fastrtps_c.h\n'}
[2.619676] (rebotarm_msgs) StdoutLine: {'line': b'-- Up-to-date symlink: /home/ylnn/DM_Armx/install/rebotarm_msgs/include/rebotarm_msgs/rebotarm_msgs/msg/detail/arm_status__rosidl_typesupport_fastrtps_c.h\n'}
[2.619761] (rebotarm_msgs) StdoutLine: {'line': b'-- Up-to-date symlink: /home/ylnn/DM_Armx/install/rebotarm_msgs/include/rebotarm_msgs/rebotarm_msgs/msg/detail/joint_mit_cmd__rosidl_typesupport_fastrtps_c.h\n'}
[2.619847] (rebotarm_msgs) StdoutLine: {'line': b'-- Up-to-date symlink: /home/ylnn/DM_Armx/install/rebotarm_msgs/include/rebotarm_msgs/rebotarm_msgs/msg/detail/joint_motor_cmd__rosidl_typesupport_fastrtps_c.h\n'}
[2.619930] (rebotarm_msgs) StdoutLine: {'line': b'-- Up-to-date symlink: /home/ylnn/DM_Armx/install/rebotarm_msgs/include/rebotarm_msgs/rebotarm_msgs/msg/detail/joint_motor_state__rosidl_typesupport_fastrtps_c.h\n'}
[2.620010] (rebotarm_msgs) StdoutLine: {'line': b'-- Up-to-date symlink: /home/ylnn/DM_Armx/install/rebotarm_msgs/include/rebotarm_msgs/rebotarm_msgs/msg/detail/joint_pos_vel_cmd__rosidl_typesupport_fastrtps_c.h\n'}
[2.620086] (rebotarm_msgs) StdoutLine: {'line': b'-- Up-to-date symlink: /home/ylnn/DM_Armx/install/rebotarm_msgs/include/rebotarm_msgs/rebotarm_msgs/msg/rosidl_typesupport_fastrtps_c__visibility_control.h\n'}
[2.620161] (rebotarm_msgs) StdoutLine: {'line': b'-- Up-to-date symlink: /home/ylnn/DM_Armx/install/rebotarm_msgs/include/rebotarm_msgs/rebotarm_msgs/srv/detail/gripper_command__rosidl_typesupport_fastrtps_c.h\n'}
[2.620245] (rebotarm_msgs) StdoutLine: {'line': b'-- Up-to-date symlink: /home/ylnn/DM_Armx/install/rebotarm_msgs/include/rebotarm_msgs/rebotarm_msgs/srv/detail/move_to_pose_ik__rosidl_typesupport_fastrtps_c.h\n'}
[2.620323] (rebotarm_msgs) StdoutLine: {'line': b'-- Up-to-date symlink: /home/ylnn/DM_Armx/install/rebotarm_msgs/include/rebotarm_msgs/rebotarm_msgs/srv/detail/set_gripper__rosidl_typesupport_fastrtps_c.h\n'}
[2.620390] (rebotarm_msgs) StdoutLine: {'line': b'-- Up-to-date symlink: /home/ylnn/DM_Armx/install/rebotarm_msgs/include/rebotarm_msgs/rebotarm_msgs/srv/detail/set_mode__rosidl_typesupport_fastrtps_c.h\n'}
[2.620457] (rebotarm_msgs) StdoutLine: {'line': b'-- Up-to-date symlink: /home/ylnn/DM_Armx/install/rebotarm_msgs/include/rebotarm_msgs/rebotarm_msgs/srv/detail/set_zero__rosidl_typesupport_fastrtps_c.h\n'}
[2.620610] (rebotarm_msgs) StdoutLine: {'line': b'-- Up-to-date symlink: /home/ylnn/DM_Armx/install/rebotarm_msgs/include/rebotarm_msgs/rebotarm_msgs/action/detail/move_to_pose__rosidl_typesupport_introspection_c.h\n'}
[2.620715] (rebotarm_msgs) StdoutLine: {'line': b'-- Up-to-date symlink: /home/ylnn/DM_Armx/install/rebotarm_msgs/include/rebotarm_msgs/rebotarm_msgs/msg/detail/arm_status__rosidl_typesupport_introspection_c.h\n'}
[2.620796] (rebotarm_msgs) StdoutLine: {'line': b'-- Up-to-date symlink: /home/ylnn/DM_Armx/install/rebotarm_msgs/include/rebotarm_msgs/rebotarm_msgs/msg/detail/joint_mit_cmd__rosidl_typesupport_introspection_c.h\n'}
[2.620869] (rebotarm_msgs) StdoutLine: {'line': b'-- Up-to-date symlink: /home/ylnn/DM_Armx/install/rebotarm_msgs/include/rebotarm_msgs/rebotarm_msgs/msg/detail/joint_motor_cmd__rosidl_typesupport_introspection_c.h\n'}
[2.620939] (rebotarm_msgs) StdoutLine: {'line': b'-- Up-to-date symlink: /home/ylnn/DM_Armx/install/rebotarm_msgs/include/rebotarm_msgs/rebotarm_msgs/msg/detail/joint_motor_state__rosidl_typesupport_introspection_c.h\n'}
[2.621012] (rebotarm_msgs) StdoutLine: {'line': b'-- Up-to-date symlink: /home/ylnn/DM_Armx/install/rebotarm_msgs/include/rebotarm_msgs/rebotarm_msgs/msg/detail/joint_pos_vel_cmd__rosidl_typesupport_introspection_c.h\n'}
[2.621095] (rebotarm_msgs) StdoutLine: {'line': b'-- Up-to-date symlink: /home/ylnn/DM_Armx/install/rebotarm_msgs/include/rebotarm_msgs/rebotarm_msgs/msg/rosidl_typesupport_introspection_c__visibility_control.h\n'}
[2.621169] (rebotarm_msgs) StdoutLine: {'line': b'-- Up-to-date symlink: /home/ylnn/DM_Armx/install/rebotarm_msgs/include/rebotarm_msgs/rebotarm_msgs/srv/detail/gripper_command__rosidl_typesupport_introspection_c.h\n'}
[2.621244] (rebotarm_msgs) StdoutLine: {'line': b'-- Up-to-date symlink: /home/ylnn/DM_Armx/install/rebotarm_msgs/include/rebotarm_msgs/rebotarm_msgs/srv/detail/move_to_pose_ik__rosidl_typesupport_introspection_c.h\n'}
[2.621322] (rebotarm_msgs) StdoutLine: {'line': b'-- Up-to-date symlink: /home/ylnn/DM_Armx/install/rebotarm_msgs/include/rebotarm_msgs/rebotarm_msgs/srv/detail/set_gripper__rosidl_typesupport_introspection_c.h\n'}
[2.621396] (rebotarm_msgs) StdoutLine: {'line': b'-- Up-to-date symlink: /home/ylnn/DM_Armx/install/rebotarm_msgs/include/rebotarm_msgs/rebotarm_msgs/srv/detail/set_mode__rosidl_typesupport_introspection_c.h\n'}
[2.621460] (rebotarm_msgs) StdoutLine: {'line': b'-- Up-to-date symlink: /home/ylnn/DM_Armx/install/rebotarm_msgs/include/rebotarm_msgs/rebotarm_msgs/srv/detail/set_zero__rosidl_typesupport_introspection_c.h\n'}
[2.621913] (rebotarm_msgs) StdoutLine: {'line': b'-- Up-to-date symlink: /home/ylnn/DM_Armx/install/rebotarm_msgs/include/rebotarm_msgs/rebotarm_msgs/action/detail/move_to_pose__builder.hpp\n'}
[2.621987] (rebotarm_msgs) StdoutLine: {'line': b'-- Up-to-date symlink: /home/ylnn/DM_Armx/install/rebotarm_msgs/include/rebotarm_msgs/rebotarm_msgs/action/detail/move_to_pose__struct.hpp\n'}
[2.622062] (rebotarm_msgs) StdoutLine: {'line': b'-- Up-to-date symlink: /home/ylnn/DM_Armx/install/rebotarm_msgs/include/rebotarm_msgs/rebotarm_msgs/action/detail/move_to_pose__traits.hpp\n'}
[2.622136] (rebotarm_msgs) StdoutLine: {'line': b'-- Up-to-date symlink: /home/ylnn/DM_Armx/install/rebotarm_msgs/include/rebotarm_msgs/rebotarm_msgs/action/detail/move_to_pose__type_support.hpp\n'}
[2.622207] (rebotarm_msgs) StdoutLine: {'line': b'-- Up-to-date symlink: /home/ylnn/DM_Armx/install/rebotarm_msgs/include/rebotarm_msgs/rebotarm_msgs/action/move_to_pose.hpp\n'}
[2.622308] (rebotarm_msgs) StdoutLine: {'line': b'-- Up-to-date symlink: /home/ylnn/DM_Armx/install/rebotarm_msgs/include/rebotarm_msgs/rebotarm_msgs/msg/arm_status.hpp\n'}
[2.623400] (rebotarm_msgs) StdoutLine: {'line': b'-- Up-to-date symlink: /home/ylnn/DM_Armx/install/rebotarm_msgs/include/rebotarm_msgs/rebotarm_msgs/msg/detail/arm_status__builder.hpp\n'}
[2.623487] (rebotarm_msgs) StdoutLine: {'line': b'-- Up-to-date symlink: /home/ylnn/DM_Armx/install/rebotarm_msgs/include/rebotarm_msgs/rebotarm_msgs/msg/detail/arm_status__struct.hpp\n'}
[2.623576] (rebotarm_msgs) StdoutLine: {'line': b'-- Up-to-date symlink: /home/ylnn/DM_Armx/install/rebotarm_msgs/include/rebotarm_msgs/rebotarm_msgs/msg/detail/arm_status__traits.hpp\n'}
[2.623645] (rebotarm_msgs) StdoutLine: {'line': b'-- Up-to-date symlink: /home/ylnn/DM_Armx/install/rebotarm_msgs/include/rebotarm_msgs/rebotarm_msgs/msg/detail/arm_status__type_support.hpp\n'}
[2.623719] (rebotarm_msgs) StdoutLine: {'line': b'-- Up-to-date symlink: /home/ylnn/DM_Armx/install/rebotarm_msgs/include/rebotarm_msgs/rebotarm_msgs/msg/detail/joint_mit_cmd__builder.hpp\n'}
[2.623786] (rebotarm_msgs) StdoutLine: {'line': b'-- Up-to-date symlink: /home/ylnn/DM_Armx/install/rebotarm_msgs/include/rebotarm_msgs/rebotarm_msgs/msg/detail/joint_mit_cmd__struct.hpp\n'}
[2.623849] (rebotarm_msgs) StdoutLine: {'line': b'-- Up-to-date symlink: /home/ylnn/DM_Armx/install/rebotarm_msgs/include/rebotarm_msgs/rebotarm_msgs/msg/detail/joint_mit_cmd__traits.hpp\n'}
[2.623919] (rebotarm_msgs) StdoutLine: {'line': b'-- Up-to-date symlink: /home/ylnn/DM_Armx/install/rebotarm_msgs/include/rebotarm_msgs/rebotarm_msgs/msg/detail/joint_mit_cmd__type_support.hpp\n'}
[2.623989] (rebotarm_msgs) StdoutLine: {'line': b'-- Up-to-date symlink: /home/ylnn/DM_Armx/install/rebotarm_msgs/include/rebotarm_msgs/rebotarm_msgs/msg/detail/joint_motor_cmd__builder.hpp\n'}
[2.624051] (rebotarm_msgs) StdoutLine: {'line': b'-- Up-to-date symlink: /home/ylnn/DM_Armx/install/rebotarm_msgs/include/rebotarm_msgs/rebotarm_msgs/msg/detail/joint_motor_cmd__struct.hpp\n'}
[2.624115] (rebotarm_msgs) StdoutLine: {'line': b'-- Up-to-date symlink: /home/ylnn/DM_Armx/install/rebotarm_msgs/include/rebotarm_msgs/rebotarm_msgs/msg/detail/joint_motor_cmd__traits.hpp\n'}
[2.624178] (rebotarm_msgs) StdoutLine: {'line': b'-- Up-to-date symlink: /home/ylnn/DM_Armx/install/rebotarm_msgs/include/rebotarm_msgs/rebotarm_msgs/msg/detail/joint_motor_cmd__type_support.hpp\n'}
[2.624241] (rebotarm_msgs) StdoutLine: {'line': b'-- Up-to-date symlink: /home/ylnn/DM_Armx/install/rebotarm_msgs/include/rebotarm_msgs/rebotarm_msgs/msg/detail/joint_motor_state__builder.hpp\n'}
[2.624308] (rebotarm_msgs) StdoutLine: {'line': b'-- Up-to-date symlink: /home/ylnn/DM_Armx/install/rebotarm_msgs/include/rebotarm_msgs/rebotarm_msgs/msg/detail/joint_motor_state__struct.hpp\n'}
[2.624371] (rebotarm_msgs) StdoutLine: {'line': b'-- Up-to-date symlink: /home/ylnn/DM_Armx/install/rebotarm_msgs/include/rebotarm_msgs/rebotarm_msgs/msg/detail/joint_motor_state__traits.hpp\n'}
[2.624439] (rebotarm_msgs) StdoutLine: {'line': b'-- Up-to-date symlink: /home/ylnn/DM_Armx/install/rebotarm_msgs/include/rebotarm_msgs/rebotarm_msgs/msg/detail/joint_motor_state__type_support.hpp\n'}
[2.624503] (rebotarm_msgs) StdoutLine: {'line': b'-- Up-to-date symlink: /home/ylnn/DM_Armx/install/rebotarm_msgs/include/rebotarm_msgs/rebotarm_msgs/msg/detail/joint_pos_vel_cmd__builder.hpp\n'}
[2.624564] (rebotarm_msgs) StdoutLine: {'line': b'-- Up-to-date symlink: /home/ylnn/DM_Armx/install/rebotarm_msgs/include/rebotarm_msgs/rebotarm_msgs/msg/detail/joint_pos_vel_cmd__struct.hpp\n'}
[2.624625] (rebotarm_msgs) StdoutLine: {'line': b'-- Up-to-date symlink: /home/ylnn/DM_Armx/install/rebotarm_msgs/include/rebotarm_msgs/rebotarm_msgs/msg/detail/joint_pos_vel_cmd__traits.hpp\n'}
[2.624684] (rebotarm_msgs) StdoutLine: {'line': b'-- Up-to-date symlink: /home/ylnn/DM_Armx/install/rebotarm_msgs/include/rebotarm_msgs/rebotarm_msgs/msg/detail/joint_pos_vel_cmd__type_support.hpp\n'}
[2.624744] (rebotarm_msgs) StdoutLine: {'line': b'-- Up-to-date symlink: /home/ylnn/DM_Armx/install/rebotarm_msgs/include/rebotarm_msgs/rebotarm_msgs/msg/joint_mit_cmd.hpp\n'}
[2.624810] (rebotarm_msgs) StdoutLine: {'line': b'-- Up-to-date symlink: /home/ylnn/DM_Armx/install/rebotarm_msgs/include/rebotarm_msgs/rebotarm_msgs/msg/joint_motor_cmd.hpp\n'}
[2.624871] (rebotarm_msgs) StdoutLine: {'line': b'-- Up-to-date symlink: /home/ylnn/DM_Armx/install/rebotarm_msgs/include/rebotarm_msgs/rebotarm_msgs/msg/joint_motor_state.hpp\n'}
[2.624927] (rebotarm_msgs) StdoutLine: {'line': b'-- Up-to-date symlink: /home/ylnn/DM_Armx/install/rebotarm_msgs/include/rebotarm_msgs/rebotarm_msgs/msg/joint_pos_vel_cmd.hpp\n'}
[2.624984] (rebotarm_msgs) StdoutLine: {'line': b'-- Up-to-date symlink: /home/ylnn/DM_Armx/install/rebotarm_msgs/include/rebotarm_msgs/rebotarm_msgs/msg/rosidl_generator_cpp__visibility_control.hpp\n'}
[2.625039] (rebotarm_msgs) StdoutLine: {'line': b'-- Up-to-date symlink: /home/ylnn/DM_Armx/install/rebotarm_msgs/include/rebotarm_msgs/rebotarm_msgs/srv/detail/gripper_command__builder.hpp\n'}
[2.625096] (rebotarm_msgs) StdoutLine: {'line': b'-- Up-to-date symlink: /home/ylnn/DM_Armx/install/rebotarm_msgs/include/rebotarm_msgs/rebotarm_msgs/srv/detail/gripper_command__struct.hpp\n'}
[2.625146] (rebotarm_msgs) StdoutLine: {'line': b'-- Up-to-date symlink: /home/ylnn/DM_Armx/install/rebotarm_msgs/include/rebotarm_msgs/rebotarm_msgs/srv/detail/gripper_command__traits.hpp\n'}
[2.625195] (rebotarm_msgs) StdoutLine: {'line': b'-- Up-to-date symlink: /home/ylnn/DM_Armx/install/rebotarm_msgs/include/rebotarm_msgs/rebotarm_msgs/srv/detail/gripper_command__type_support.hpp\n'}
[2.625245] (rebotarm_msgs) StdoutLine: {'line': b'-- Up-to-date symlink: /home/ylnn/DM_Armx/install/rebotarm_msgs/include/rebotarm_msgs/rebotarm_msgs/srv/detail/move_to_pose_ik__builder.hpp\n'}
[2.625298] (rebotarm_msgs) StdoutLine: {'line': b'-- Up-to-date symlink: /home/ylnn/DM_Armx/install/rebotarm_msgs/include/rebotarm_msgs/rebotarm_msgs/srv/detail/move_to_pose_ik__struct.hpp\n'}
[2.625347] (rebotarm_msgs) StdoutLine: {'line': b'-- Up-to-date symlink: /home/ylnn/DM_Armx/install/rebotarm_msgs/include/rebotarm_msgs/rebotarm_msgs/srv/detail/move_to_pose_ik__traits.hpp\n'}
[2.625396] (rebotarm_msgs) StdoutLine: {'line': b'-- Up-to-date symlink: /home/ylnn/DM_Armx/install/rebotarm_msgs/include/rebotarm_msgs/rebotarm_msgs/srv/detail/move_to_pose_ik__type_support.hpp\n'}
[2.625444] (rebotarm_msgs) StdoutLine: {'line': b'-- Up-to-date symlink: /home/ylnn/DM_Armx/install/rebotarm_msgs/include/rebotarm_msgs/rebotarm_msgs/srv/detail/set_gripper__builder.hpp\n'}
[2.625492] (rebotarm_msgs) StdoutLine: {'line': b'-- Up-to-date symlink: /home/ylnn/DM_Armx/install/rebotarm_msgs/include/rebotarm_msgs/rebotarm_msgs/srv/detail/set_gripper__struct.hpp\n'}
[2.625549] (rebotarm_msgs) StdoutLine: {'line': b'-- Up-to-date symlink: /home/ylnn/DM_Armx/install/rebotarm_msgs/include/rebotarm_msgs/rebotarm_msgs/srv/detail/set_gripper__traits.hpp\n'}
[2.625606] (rebotarm_msgs) StdoutLine: {'line': b'-- Up-to-date symlink: /home/ylnn/DM_Armx/install/rebotarm_msgs/include/rebotarm_msgs/rebotarm_msgs/srv/detail/set_gripper__type_support.hpp\n'}
[2.625666] (rebotarm_msgs) StdoutLine: {'line': b'-- Up-to-date symlink: /home/ylnn/DM_Armx/install/rebotarm_msgs/include/rebotarm_msgs/rebotarm_msgs/srv/detail/set_mode__builder.hpp\n'}
[2.625720] (rebotarm_msgs) StdoutLine: {'line': b'-- Up-to-date symlink: /home/ylnn/DM_Armx/install/rebotarm_msgs/include/rebotarm_msgs/rebotarm_msgs/srv/detail/set_mode__struct.hpp\n'}
[2.625784] (rebotarm_msgs) StdoutLine: {'line': b'-- Up-to-date symlink: /home/ylnn/DM_Armx/install/rebotarm_msgs/include/rebotarm_msgs/rebotarm_msgs/srv/detail/set_mode__traits.hpp\n'}
[2.625842] (rebotarm_msgs) StdoutLine: {'line': b'-- Up-to-date symlink: /home/ylnn/DM_Armx/install/rebotarm_msgs/include/rebotarm_msgs/rebotarm_msgs/srv/detail/set_mode__type_support.hpp\n'}
[2.625897] (rebotarm_msgs) StdoutLine: {'line': b'-- Up-to-date symlink: /home/ylnn/DM_Armx/install/rebotarm_msgs/include/rebotarm_msgs/rebotarm_msgs/srv/detail/set_zero__builder.hpp\n'}
[2.625949] (rebotarm_msgs) StdoutLine: {'line': b'-- Up-to-date symlink: /home/ylnn/DM_Armx/install/rebotarm_msgs/include/rebotarm_msgs/rebotarm_msgs/srv/detail/set_zero__struct.hpp\n'}
[2.626001] (rebotarm_msgs) StdoutLine: {'line': b'-- Up-to-date symlink: /home/ylnn/DM_Armx/install/rebotarm_msgs/include/rebotarm_msgs/rebotarm_msgs/srv/detail/set_zero__traits.hpp\n'}
[2.626054] (rebotarm_msgs) StdoutLine: {'line': b'-- Up-to-date symlink: /home/ylnn/DM_Armx/install/rebotarm_msgs/include/rebotarm_msgs/rebotarm_msgs/srv/detail/set_zero__type_support.hpp\n'}
[2.626107] (rebotarm_msgs) StdoutLine: {'line': b'-- Up-to-date symlink: /home/ylnn/DM_Armx/install/rebotarm_msgs/include/rebotarm_msgs/rebotarm_msgs/srv/gripper_command.hpp\n'}
[2.626153] (rebotarm_msgs) StdoutLine: {'line': b'-- Up-to-date symlink: /home/ylnn/DM_Armx/install/rebotarm_msgs/include/rebotarm_msgs/rebotarm_msgs/srv/move_to_pose_ik.hpp\n'}
[2.626200] (rebotarm_msgs) StdoutLine: {'line': b'-- Up-to-date symlink: /home/ylnn/DM_Armx/install/rebotarm_msgs/include/rebotarm_msgs/rebotarm_msgs/srv/set_gripper.hpp\n'}
[2.626245] (rebotarm_msgs) StdoutLine: {'line': b'-- Up-to-date symlink: /home/ylnn/DM_Armx/install/rebotarm_msgs/include/rebotarm_msgs/rebotarm_msgs/srv/set_mode.hpp\n'}
[2.626294] (rebotarm_msgs) StdoutLine: {'line': b'-- Up-to-date symlink: /home/ylnn/DM_Armx/install/rebotarm_msgs/include/rebotarm_msgs/rebotarm_msgs/srv/set_zero.hpp\n'}
[2.626345] (rebotarm_msgs) StdoutLine: {'line': b'-- Up-to-date symlink: /home/ylnn/DM_Armx/install/rebotarm_msgs/include/rebotarm_msgs/rebotarm_msgs/action/detail/move_to_pose__rosidl_typesupport_fastrtps_cpp.hpp\n'}
[2.626397] (rebotarm_msgs) StdoutLine: {'line': b'-- Up-to-date symlink: /home/ylnn/DM_Armx/install/rebotarm_msgs/include/rebotarm_msgs/rebotarm_msgs/msg/detail/arm_status__rosidl_typesupport_fastrtps_cpp.hpp\n'}
[2.626449] (rebotarm_msgs) StdoutLine: {'line': b'-- Up-to-date symlink: /home/ylnn/DM_Armx/install/rebotarm_msgs/include/rebotarm_msgs/rebotarm_msgs/msg/detail/joint_mit_cmd__rosidl_typesupport_fastrtps_cpp.hpp\n'}
[2.626502] (rebotarm_msgs) StdoutLine: {'line': b'-- Up-to-date symlink: /home/ylnn/DM_Armx/install/rebotarm_msgs/include/rebotarm_msgs/rebotarm_msgs/msg/detail/joint_motor_cmd__rosidl_typesupport_fastrtps_cpp.hpp\n'}
[2.626560] (rebotarm_msgs) StdoutLine: {'line': b'-- Up-to-date symlink: /home/ylnn/DM_Armx/install/rebotarm_msgs/include/rebotarm_msgs/rebotarm_msgs/msg/detail/joint_motor_state__rosidl_typesupport_fastrtps_cpp.hpp\n'}
[2.626613] (rebotarm_msgs) StdoutLine: {'line': b'-- Up-to-date symlink: /home/ylnn/DM_Armx/install/rebotarm_msgs/include/rebotarm_msgs/rebotarm_msgs/msg/detail/joint_pos_vel_cmd__rosidl_typesupport_fastrtps_cpp.hpp\n'}
[2.626666] (rebotarm_msgs) StdoutLine: {'line': b'-- Up-to-date symlink: /home/ylnn/DM_Armx/install/rebotarm_msgs/include/rebotarm_msgs/rebotarm_msgs/msg/rosidl_typesupport_fastrtps_cpp__visibility_control.h\n'}
[2.626719] (rebotarm_msgs) StdoutLine: {'line': b'-- Up-to-date symlink: /home/ylnn/DM_Armx/install/rebotarm_msgs/include/rebotarm_msgs/rebotarm_msgs/srv/detail/gripper_command__rosidl_typesupport_fastrtps_cpp.hpp\n'}
[2.626772] (rebotarm_msgs) StdoutLine: {'line': b'-- Up-to-date symlink: /home/ylnn/DM_Armx/install/rebotarm_msgs/include/rebotarm_msgs/rebotarm_msgs/srv/detail/move_to_pose_ik__rosidl_typesupport_fastrtps_cpp.hpp\n'}
[2.626822] (rebotarm_msgs) StdoutLine: {'line': b'-- Up-to-date symlink: /home/ylnn/DM_Armx/install/rebotarm_msgs/include/rebotarm_msgs/rebotarm_msgs/srv/detail/set_gripper__rosidl_typesupport_fastrtps_cpp.hpp\n'}
[2.626873] (rebotarm_msgs) StdoutLine: {'line': b'-- Up-to-date symlink: /home/ylnn/DM_Armx/install/rebotarm_msgs/include/rebotarm_msgs/rebotarm_msgs/srv/detail/set_mode__rosidl_typesupport_fastrtps_cpp.hpp\n'}
[2.626918] (rebotarm_msgs) StdoutLine: {'line': b'-- Up-to-date symlink: /home/ylnn/DM_Armx/install/rebotarm_msgs/include/rebotarm_msgs/rebotarm_msgs/srv/detail/set_zero__rosidl_typesupport_fastrtps_cpp.hpp\n'}
[2.626968] (rebotarm_msgs) StdoutLine: {'line': b'-- Up-to-date symlink: /home/ylnn/DM_Armx/install/rebotarm_msgs/include/rebotarm_msgs/rebotarm_msgs/action/detail/move_to_pose__rosidl_typesupport_introspection_cpp.hpp\n'}
[2.627011] (rebotarm_msgs) StdoutLine: {'line': b'-- Up-to-date symlink: /home/ylnn/DM_Armx/install/rebotarm_msgs/include/rebotarm_msgs/rebotarm_msgs/msg/detail/arm_status__rosidl_typesupport_introspection_cpp.hpp\n'}
[2.627060] (rebotarm_msgs) StdoutLine: {'line': b'-- Up-to-date symlink: /home/ylnn/DM_Armx/install/rebotarm_msgs/include/rebotarm_msgs/rebotarm_msgs/msg/detail/joint_mit_cmd__rosidl_typesupport_introspection_cpp.hpp\n'}
[2.627110] (rebotarm_msgs) StdoutLine: {'line': b'-- Up-to-date symlink: /home/ylnn/DM_Armx/install/rebotarm_msgs/include/rebotarm_msgs/rebotarm_msgs/msg/detail/joint_motor_cmd__rosidl_typesupport_introspection_cpp.hpp\n'}
[2.627158] (rebotarm_msgs) StdoutLine: {'line': b'-- Up-to-date symlink: /home/ylnn/DM_Armx/install/rebotarm_msgs/include/rebotarm_msgs/rebotarm_msgs/msg/detail/joint_motor_state__rosidl_typesupport_introspection_cpp.hpp\n'}
[2.627216] (rebotarm_msgs) StdoutLine: {'line': b'-- Up-to-date symlink: /home/ylnn/DM_Armx/install/rebotarm_msgs/include/rebotarm_msgs/rebotarm_msgs/msg/detail/joint_pos_vel_cmd__rosidl_typesupport_introspection_cpp.hpp\n'}
[2.627265] (rebotarm_msgs) StdoutLine: {'line': b'-- Up-to-date symlink: /home/ylnn/DM_Armx/install/rebotarm_msgs/include/rebotarm_msgs/rebotarm_msgs/srv/detail/gripper_command__rosidl_typesupport_introspection_cpp.hpp\n'}
[2.627315] (rebotarm_msgs) StdoutLine: {'line': b'-- Up-to-date symlink: /home/ylnn/DM_Armx/install/rebotarm_msgs/include/rebotarm_msgs/rebotarm_msgs/srv/detail/move_to_pose_ik__rosidl_typesupport_introspection_cpp.hpp\n'}
[2.627369] (rebotarm_msgs) StdoutLine: {'line': b'-- Up-to-date symlink: /home/ylnn/DM_Armx/install/rebotarm_msgs/include/rebotarm_msgs/rebotarm_msgs/srv/detail/set_gripper__rosidl_typesupport_introspection_cpp.hpp\n'}
[2.627418] (rebotarm_msgs) StdoutLine: {'line': b'-- Up-to-date symlink: /home/ylnn/DM_Armx/install/rebotarm_msgs/include/rebotarm_msgs/rebotarm_msgs/srv/detail/set_mode__rosidl_typesupport_introspection_cpp.hpp\n'}
[2.627468] (rebotarm_msgs) StdoutLine: {'line': b'-- Up-to-date symlink: /home/ylnn/DM_Armx/install/rebotarm_msgs/include/rebotarm_msgs/rebotarm_msgs/srv/detail/set_zero__rosidl_typesupport_introspection_cpp.hpp\n'}
[2.627518] (rebotarm_msgs) StdoutLine: {'line': b'-- Up-to-date symlink: /home/ylnn/DM_Armx/install/rebotarm_msgs/share/rebotarm_msgs/environment/pythonpath.sh\n'}
[2.627566] (rebotarm_msgs) StdoutLine: {'line': b'-- Up-to-date symlink: /home/ylnn/DM_Armx/install/rebotarm_msgs/share/rebotarm_msgs/environment/pythonpath.dsv\n'}
[2.627617] (rebotarm_msgs) StdoutLine: {'line': b'-- Up-to-date symlink: /home/ylnn/DM_Armx/install/rebotarm_msgs/lib/python3.12/site-packages/rebotarm_msgs-0.1.0-py3.12.egg-info/PKG-INFO\n'}
[2.627664] (rebotarm_msgs) StdoutLine: {'line': b'-- Up-to-date symlink: /home/ylnn/DM_Armx/install/rebotarm_msgs/lib/python3.12/site-packages/rebotarm_msgs-0.1.0-py3.12.egg-info/SOURCES.txt\n'}
[2.627724] (rebotarm_msgs) StdoutLine: {'line': b'-- Up-to-date symlink: /home/ylnn/DM_Armx/install/rebotarm_msgs/lib/python3.12/site-packages/rebotarm_msgs-0.1.0-py3.12.egg-info/dependency_links.txt\n'}
[2.627777] (rebotarm_msgs) StdoutLine: {'line': b'-- Up-to-date symlink: /home/ylnn/DM_Armx/install/rebotarm_msgs/lib/python3.12/site-packages/rebotarm_msgs-0.1.0-py3.12.egg-info/top_level.txt\n'}
[2.627834] (rebotarm_msgs) StdoutLine: {'line': b'-- Up-to-date symlink: /home/ylnn/DM_Armx/install/rebotarm_msgs/lib/python3.12/site-packages/rebotarm_msgs/__init__.py\n'}
[2.627885] (rebotarm_msgs) StdoutLine: {'line': b'-- Up-to-date symlink: /home/ylnn/DM_Armx/install/rebotarm_msgs/lib/python3.12/site-packages/rebotarm_msgs/_rebotarm_msgs_s.ep.rosidl_typesupport_c.c\n'}
[2.627937] (rebotarm_msgs) StdoutLine: {'line': b'-- Up-to-date symlink: /home/ylnn/DM_Armx/install/rebotarm_msgs/lib/python3.12/site-packages/rebotarm_msgs/_rebotarm_msgs_s.ep.rosidl_typesupport_fastrtps_c.c\n'}
[2.627990] (rebotarm_msgs) StdoutLine: {'line': b'-- Up-to-date symlink: /home/ylnn/DM_Armx/install/rebotarm_msgs/lib/python3.12/site-packages/rebotarm_msgs/_rebotarm_msgs_s.ep.rosidl_typesupport_introspection_c.c\n'}
[2.628040] (rebotarm_msgs) StdoutLine: {'line': b'-- Up-to-date symlink: /home/ylnn/DM_Armx/install/rebotarm_msgs/lib/python3.12/site-packages/rebotarm_msgs/action/__init__.py\n'}
[2.628091] (rebotarm_msgs) StdoutLine: {'line': b'-- Up-to-date symlink: /home/ylnn/DM_Armx/install/rebotarm_msgs/lib/python3.12/site-packages/rebotarm_msgs/action/_move_to_pose.py\n'}
[2.628143] (rebotarm_msgs) StdoutLine: {'line': b'-- Up-to-date symlink: /home/ylnn/DM_Armx/install/rebotarm_msgs/lib/python3.12/site-packages/rebotarm_msgs/action/_move_to_pose_s.c\n'}
[2.628194] (rebotarm_msgs) StdoutLine: {'line': b'-- Up-to-date symlink: /home/ylnn/DM_Armx/install/rebotarm_msgs/lib/python3.12/site-packages/rebotarm_msgs/msg/__init__.py\n'}
[2.628245] (rebotarm_msgs) StdoutLine: {'line': b'-- Up-to-date symlink: /home/ylnn/DM_Armx/install/rebotarm_msgs/lib/python3.12/site-packages/rebotarm_msgs/msg/_arm_status.py\n'}
[2.628302] (rebotarm_msgs) StdoutLine: {'line': b'-- Up-to-date symlink: /home/ylnn/DM_Armx/install/rebotarm_msgs/lib/python3.12/site-packages/rebotarm_msgs/msg/_arm_status_s.c\n'}
[2.628359] (rebotarm_msgs) StdoutLine: {'line': b'-- Up-to-date symlink: /home/ylnn/DM_Armx/install/rebotarm_msgs/lib/python3.12/site-packages/rebotarm_msgs/msg/_joint_mit_cmd.py\n'}
[2.628409] (rebotarm_msgs) StdoutLine: {'line': b'-- Up-to-date symlink: /home/ylnn/DM_Armx/install/rebotarm_msgs/lib/python3.12/site-packages/rebotarm_msgs/msg/_joint_mit_cmd_s.c\n'}
[2.628463] (rebotarm_msgs) StdoutLine: {'line': b'-- Up-to-date symlink: /home/ylnn/DM_Armx/install/rebotarm_msgs/lib/python3.12/site-packages/rebotarm_msgs/msg/_joint_motor_cmd.py\n'}
[2.628514] (rebotarm_msgs) StdoutLine: {'line': b'-- Up-to-date symlink: /home/ylnn/DM_Armx/install/rebotarm_msgs/lib/python3.12/site-packages/rebotarm_msgs/msg/_joint_motor_cmd_s.c\n'}
[2.628567] (rebotarm_msgs) StdoutLine: {'line': b'-- Up-to-date symlink: /home/ylnn/DM_Armx/install/rebotarm_msgs/lib/python3.12/site-packages/rebotarm_msgs/msg/_joint_motor_state.py\n'}
[2.628620] (rebotarm_msgs) StdoutLine: {'line': b'-- Up-to-date symlink: /home/ylnn/DM_Armx/install/rebotarm_msgs/lib/python3.12/site-packages/rebotarm_msgs/msg/_joint_motor_state_s.c\n'}
[2.628672] (rebotarm_msgs) StdoutLine: {'line': b'-- Up-to-date symlink: /home/ylnn/DM_Armx/install/rebotarm_msgs/lib/python3.12/site-packages/rebotarm_msgs/msg/_joint_pos_vel_cmd.py\n'}
[2.628733] (rebotarm_msgs) StdoutLine: {'line': b'-- Up-to-date symlink: /home/ylnn/DM_Armx/install/rebotarm_msgs/lib/python3.12/site-packages/rebotarm_msgs/msg/_joint_pos_vel_cmd_s.c\n'}
[2.628786] (rebotarm_msgs) StdoutLine: {'line': b'-- Up-to-date symlink: /home/ylnn/DM_Armx/install/rebotarm_msgs/lib/python3.12/site-packages/rebotarm_msgs/rebotarm_msgs_s__rosidl_typesupport_c.so\n'}
[2.628837] (rebotarm_msgs) StdoutLine: {'line': b'-- Up-to-date symlink: /home/ylnn/DM_Armx/install/rebotarm_msgs/lib/python3.12/site-packages/rebotarm_msgs/rebotarm_msgs_s__rosidl_typesupport_fastrtps_c.so\n'}
[2.628902] (rebotarm_msgs) StdoutLine: {'line': b'-- Up-to-date symlink: /home/ylnn/DM_Armx/install/rebotarm_msgs/lib/python3.12/site-packages/rebotarm_msgs/rebotarm_msgs_s__rosidl_typesupport_introspection_c.so\n'}
[2.628960] (rebotarm_msgs) StdoutLine: {'line': b'-- Up-to-date symlink: /home/ylnn/DM_Armx/install/rebotarm_msgs/lib/python3.12/site-packages/rebotarm_msgs/srv/__init__.py\n'}
[2.629008] (rebotarm_msgs) StdoutLine: {'line': b'-- Up-to-date symlink: /home/ylnn/DM_Armx/install/rebotarm_msgs/lib/python3.12/site-packages/rebotarm_msgs/srv/_gripper_command.py\n'}
[2.629071] (rebotarm_msgs) StdoutLine: {'line': b'-- Up-to-date symlink: /home/ylnn/DM_Armx/install/rebotarm_msgs/lib/python3.12/site-packages/rebotarm_msgs/srv/_gripper_command_s.c\n'}
[2.629200] (rebotarm_msgs) StdoutLine: {'line': b'-- Up-to-date symlink: /home/ylnn/DM_Armx/install/rebotarm_msgs/lib/python3.12/site-packages/rebotarm_msgs/srv/_move_to_pose_ik.py\n'}
[2.629264] (rebotarm_msgs) StdoutLine: {'line': b'-- Up-to-date symlink: /home/ylnn/DM_Armx/install/rebotarm_msgs/lib/python3.12/site-packages/rebotarm_msgs/srv/_move_to_pose_ik_s.c\n'}
[2.629315] (rebotarm_msgs) StdoutLine: {'line': b'-- Up-to-date symlink: /home/ylnn/DM_Armx/install/rebotarm_msgs/lib/python3.12/site-packages/rebotarm_msgs/srv/_set_gripper.py\n'}
[2.629361] (rebotarm_msgs) StdoutLine: {'line': b'-- Up-to-date symlink: /home/ylnn/DM_Armx/install/rebotarm_msgs/lib/python3.12/site-packages/rebotarm_msgs/srv/_set_gripper_s.c\n'}
[2.629421] (rebotarm_msgs) StdoutLine: {'line': b'-- Up-to-date symlink: /home/ylnn/DM_Armx/install/rebotarm_msgs/lib/python3.12/site-packages/rebotarm_msgs/srv/_set_mode.py\n'}
[2.629464] (rebotarm_msgs) StdoutLine: {'line': b'-- Up-to-date symlink: /home/ylnn/DM_Armx/install/rebotarm_msgs/lib/python3.12/site-packages/rebotarm_msgs/srv/_set_mode_s.c\n'}
[2.629513] (rebotarm_msgs) StdoutLine: {'line': b'-- Up-to-date symlink: /home/ylnn/DM_Armx/install/rebotarm_msgs/lib/python3.12/site-packages/rebotarm_msgs/srv/_set_zero.py\n'}
[2.629556] (rebotarm_msgs) StdoutLine: {'line': b'-- Up-to-date symlink: /home/ylnn/DM_Armx/install/rebotarm_msgs/lib/python3.12/site-packages/rebotarm_msgs/srv/_set_zero_s.c\n'}
[2.629606] (rebotarm_msgs) StdoutLine: {'line': b'-- Up-to-date symlink: /home/ylnn/DM_Armx/install/rebotarm_msgs/lib/python3.12/site-packages/rebotarm_msgs/rebotarm_msgs_s__rosidl_typesupport_fastrtps_c.so\n'}
[2.629650] (rebotarm_msgs) StdoutLine: {'line': b'-- Up-to-date symlink: /home/ylnn/DM_Armx/install/rebotarm_msgs/lib/python3.12/site-packages/rebotarm_msgs/rebotarm_msgs_s__rosidl_typesupport_introspection_c.so\n'}
[2.629693] (rebotarm_msgs) StdoutLine: {'line': b'-- Up-to-date symlink: /home/ylnn/DM_Armx/install/rebotarm_msgs/lib/python3.12/site-packages/rebotarm_msgs/rebotarm_msgs_s__rosidl_typesupport_c.so\n'}
[2.629778] (rebotarm_msgs) StdoutLine: {'line': b'-- Up-to-date symlink: /home/ylnn/DM_Armx/install/rebotarm_msgs/share/rebotarm_msgs/rust/Cargo.toml\n'}
[2.629844] (rebotarm_msgs) StdoutLine: {'line': b'-- Up-to-date symlink: /home/ylnn/DM_Armx/install/rebotarm_msgs/share/rebotarm_msgs/rust/build.rs\n'}
[2.629902] (rebotarm_msgs) StdoutLine: {'line': b'-- Up-to-date symlink: /home/ylnn/DM_Armx/install/rebotarm_msgs/share/rebotarm_msgs/rust/src/action.rs\n'}
[2.629955] (rebotarm_msgs) StdoutLine: {'line': b'-- Up-to-date symlink: /home/ylnn/DM_Armx/install/rebotarm_msgs/share/rebotarm_msgs/rust/src/action/rmw.rs\n'}
[2.630002] (rebotarm_msgs) StdoutLine: {'line': b'-- Up-to-date symlink: /home/ylnn/DM_Armx/install/rebotarm_msgs/share/rebotarm_msgs/rust/src/lib.rs\n'}
[2.630057] (rebotarm_msgs) StdoutLine: {'line': b'-- Up-to-date symlink: /home/ylnn/DM_Armx/install/rebotarm_msgs/share/rebotarm_msgs/rust/src/msg.rs\n'}
[2.630106] (rebotarm_msgs) StdoutLine: {'line': b'-- Up-to-date symlink: /home/ylnn/DM_Armx/install/rebotarm_msgs/share/rebotarm_msgs/rust/src/msg/rmw.rs\n'}
[2.630155] (rebotarm_msgs) StdoutLine: {'line': b'-- Up-to-date symlink: /home/ylnn/DM_Armx/install/rebotarm_msgs/share/rebotarm_msgs/rust/src/srv.rs\n'}
[2.630203] (rebotarm_msgs) StdoutLine: {'line': b'-- Up-to-date symlink: /home/ylnn/DM_Armx/install/rebotarm_msgs/share/rebotarm_msgs/rust/src/srv/rmw.rs\n'}
[2.630254] (rebotarm_msgs) StdoutLine: {'line': b'-- Up-to-date symlink: /home/ylnn/DM_Armx/install/rebotarm_msgs/share/rebotarm_msgs/msg/JointMotorCmd.idl\n'}
[2.630323] (rebotarm_msgs) StdoutLine: {'line': b'-- Up-to-date symlink: /home/ylnn/DM_Armx/install/rebotarm_msgs/share/rebotarm_msgs/msg/JointMitCmd.idl\n'}
[2.630395] (rebotarm_msgs) StdoutLine: {'line': b'-- Up-to-date symlink: /home/ylnn/DM_Armx/install/rebotarm_msgs/share/rebotarm_msgs/msg/JointPosVelCmd.idl\n'}
[2.630461] (rebotarm_msgs) StdoutLine: {'line': b'-- Up-to-date symlink: /home/ylnn/DM_Armx/install/rebotarm_msgs/share/rebotarm_msgs/msg/JointMotorState.idl\n'}
[2.630534] (rebotarm_msgs) StdoutLine: {'line': b'-- Up-to-date symlink: /home/ylnn/DM_Armx/install/rebotarm_msgs/share/rebotarm_msgs/msg/ArmStatus.idl\n'}
[2.630587] (rebotarm_msgs) StdoutLine: {'line': b'-- Up-to-date symlink: /home/ylnn/DM_Armx/install/rebotarm_msgs/share/rebotarm_msgs/srv/SetMode.idl\n'}
[2.630646] (rebotarm_msgs) StdoutLine: {'line': b'-- Up-to-date symlink: /home/ylnn/DM_Armx/install/rebotarm_msgs/share/rebotarm_msgs/srv/SetZero.idl\n'}
[2.630713] (rebotarm_msgs) StdoutLine: {'line': b'-- Up-to-date symlink: /home/ylnn/DM_Armx/install/rebotarm_msgs/share/rebotarm_msgs/srv/MoveToPoseIK.idl\n'}
[2.630779] (rebotarm_msgs) StdoutLine: {'line': b'-- Up-to-date symlink: /home/ylnn/DM_Armx/install/rebotarm_msgs/share/rebotarm_msgs/srv/SetGripper.idl\n'}
[2.630850] (rebotarm_msgs) StdoutLine: {'line': b'-- Up-to-date symlink: /home/ylnn/DM_Armx/install/rebotarm_msgs/share/rebotarm_msgs/srv/GripperCommand.idl\n'}
[2.630919] (rebotarm_msgs) StdoutLine: {'line': b'-- Up-to-date symlink: /home/ylnn/DM_Armx/install/rebotarm_msgs/share/rebotarm_msgs/action/MoveToPose.idl\n'}
[2.630990] (rebotarm_msgs) StdoutLine: {'line': b'-- Up-to-date symlink: /home/ylnn/DM_Armx/install/rebotarm_msgs/share/rebotarm_msgs/msg/JointMotorCmd.msg\n'}
[2.631055] (rebotarm_msgs) StdoutLine: {'line': b'-- Up-to-date symlink: /home/ylnn/DM_Armx/install/rebotarm_msgs/share/rebotarm_msgs/msg/JointMitCmd.msg\n'}
[2.631123] (rebotarm_msgs) StdoutLine: {'line': b'-- Up-to-date symlink: /home/ylnn/DM_Armx/install/rebotarm_msgs/share/rebotarm_msgs/msg/JointPosVelCmd.msg\n'}
[2.631191] (rebotarm_msgs) StdoutLine: {'line': b'-- Up-to-date symlink: /home/ylnn/DM_Armx/install/rebotarm_msgs/share/rebotarm_msgs/msg/JointMotorState.msg\n'}
[2.631260] (rebotarm_msgs) StdoutLine: {'line': b'-- Up-to-date symlink: /home/ylnn/DM_Armx/install/rebotarm_msgs/share/rebotarm_msgs/msg/ArmStatus.msg\n'}
[2.631328] (rebotarm_msgs) StdoutLine: {'line': b'-- Up-to-date symlink: /home/ylnn/DM_Armx/install/rebotarm_msgs/share/rebotarm_msgs/srv/SetMode.srv\n'}
[2.631394] (rebotarm_msgs) StdoutLine: {'line': b'-- Up-to-date symlink: /home/ylnn/DM_Armx/install/rebotarm_msgs/share/rebotarm_msgs/srv/SetZero.srv\n'}
[2.631458] (rebotarm_msgs) StdoutLine: {'line': b'-- Up-to-date symlink: /home/ylnn/DM_Armx/install/rebotarm_msgs/share/rebotarm_msgs/srv/MoveToPoseIK.srv\n'}
[2.631524] (rebotarm_msgs) StdoutLine: {'line': b'-- Up-to-date symlink: /home/ylnn/DM_Armx/install/rebotarm_msgs/share/rebotarm_msgs/srv/SetGripper.srv\n'}
[2.631589] (rebotarm_msgs) StdoutLine: {'line': b'-- Up-to-date symlink: /home/ylnn/DM_Armx/install/rebotarm_msgs/share/rebotarm_msgs/srv/GripperCommand.srv\n'}
[2.631657] (rebotarm_msgs) StdoutLine: {'line': b'-- Up-to-date symlink: /home/ylnn/DM_Armx/install/rebotarm_msgs/share/rebotarm_msgs/action/MoveToPose.action\n'}
[2.631733] (rebotarm_msgs) StdoutLine: {'line': b'-- Up-to-date symlink: /home/ylnn/DM_Armx/install/rebotarm_msgs/share/ament_index/resource_index/package_run_dependencies/rebotarm_msgs\n'}
[2.631804] (rebotarm_msgs) StdoutLine: {'line': b'-- Up-to-date symlink: /home/ylnn/DM_Armx/install/rebotarm_msgs/share/ament_index/resource_index/parent_prefix_path/rebotarm_msgs\n'}
[2.631880] (rebotarm_msgs) StdoutLine: {'line': b'-- Up-to-date symlink: /home/ylnn/DM_Armx/install/rebotarm_msgs/share/rebotarm_msgs/environment/ament_prefix_path.sh\n'}
[2.631949] (rebotarm_msgs) StdoutLine: {'line': b'-- Up-to-date symlink: /home/ylnn/DM_Armx/install/rebotarm_msgs/share/rebotarm_msgs/environment/ament_prefix_path.dsv\n'}
[2.632021] (rebotarm_msgs) StdoutLine: {'line': b'-- Up-to-date symlink: /home/ylnn/DM_Armx/install/rebotarm_msgs/share/rebotarm_msgs/environment/path.sh\n'}
[2.632088] (rebotarm_msgs) StdoutLine: {'line': b'-- Up-to-date symlink: /home/ylnn/DM_Armx/install/rebotarm_msgs/share/rebotarm_msgs/environment/path.dsv\n'}
[2.632153] (rebotarm_msgs) StdoutLine: {'line': b'-- Up-to-date symlink: /home/ylnn/DM_Armx/install/rebotarm_msgs/share/rebotarm_msgs/local_setup.bash\n'}
[2.632220] (rebotarm_msgs) StdoutLine: {'line': b'-- Up-to-date symlink: /home/ylnn/DM_Armx/install/rebotarm_msgs/share/rebotarm_msgs/local_setup.sh\n'}
[2.632288] (rebotarm_msgs) StdoutLine: {'line': b'-- Up-to-date symlink: /home/ylnn/DM_Armx/install/rebotarm_msgs/share/rebotarm_msgs/local_setup.zsh\n'}
[2.632352] (rebotarm_msgs) StdoutLine: {'line': b'-- Up-to-date symlink: /home/ylnn/DM_Armx/install/rebotarm_msgs/share/rebotarm_msgs/local_setup.dsv\n'}
[2.632406] (rebotarm_msgs) StdoutLine: {'line': b'-- Symlinking: /home/ylnn/DM_Armx/install/rebotarm_msgs/share/rebotarm_msgs/package.dsv\n'}
[2.638027] (rebotarm_msgs) StdoutLine: {'line': b'-- Up-to-date symlink: /home/ylnn/DM_Armx/install/rebotarm_msgs/share/ament_index/resource_index/packages/rebotarm_msgs\n'}
[2.638143] (rebotarm_msgs) StdoutLine: {'line': b'-- Up-to-date symlink: /home/ylnn/DM_Armx/install/rebotarm_msgs/share/rebotarm_msgs/cmake/rosidl_cmake-extras.cmake\n'}
[2.638209] (rebotarm_msgs) StdoutLine: {'line': b'-- Up-to-date symlink: /home/ylnn/DM_Armx/install/rebotarm_msgs/share/rebotarm_msgs/cmake/ament_cmake_export_dependencies-extras.cmake\n'}
[2.638278] (rebotarm_msgs) StdoutLine: {'line': b'-- Up-to-date symlink: /home/ylnn/DM_Armx/install/rebotarm_msgs/share/rebotarm_msgs/cmake/ament_cmake_export_include_directories-extras.cmake\n'}
[2.638358] (rebotarm_msgs) StdoutLine: {'line': b'-- Up-to-date symlink: /home/ylnn/DM_Armx/install/rebotarm_msgs/share/rebotarm_msgs/cmake/ament_cmake_export_libraries-extras.cmake\n'}
[2.638448] (rebotarm_msgs) StdoutLine: {'line': b'-- Up-to-date symlink: /home/ylnn/DM_Armx/install/rebotarm_msgs/share/rebotarm_msgs/cmake/ament_cmake_export_targets-extras.cmake\n'}
[2.638507] (rebotarm_msgs) StdoutLine: {'line': b'-- Up-to-date symlink: /home/ylnn/DM_Armx/install/rebotarm_msgs/share/rebotarm_msgs/cmake/rosidl_cmake_export_typesupport_targets-extras.cmake\n'}
[2.638562] (rebotarm_msgs) StdoutLine: {'line': b'-- Up-to-date symlink: /home/ylnn/DM_Armx/install/rebotarm_msgs/share/rebotarm_msgs/cmake/rosidl_cmake_export_typesupport_libraries-extras.cmake\n'}
[2.638607] (rebotarm_msgs) StdoutLine: {'line': b'-- Up-to-date symlink: /home/ylnn/DM_Armx/install/rebotarm_msgs/share/rebotarm_msgs/cmake/rosidl_cmake_aggregate_target-extras.cmake\n'}
[2.638661] (rebotarm_msgs) StdoutLine: {'line': b'-- Up-to-date symlink: /home/ylnn/DM_Armx/install/rebotarm_msgs/share/rebotarm_msgs/cmake/rebotarm_msgsConfig.cmake\n'}
[2.638709] (rebotarm_msgs) StdoutLine: {'line': b'-- Up-to-date symlink: /home/ylnn/DM_Armx/install/rebotarm_msgs/share/rebotarm_msgs/cmake/rebotarm_msgsConfig-version.cmake\n'}
[2.638759] (rebotarm_msgs) StdoutLine: {'line': b'-- Up-to-date symlink: /home/ylnn/DM_Armx/install/rebotarm_msgs/share/rebotarm_msgs/package.xml\n'}
[2.638804] (rebotarm_msgs) StdoutLine: {'line': b'-- Up-to-date: /home/ylnn/DM_Armx/install/rebotarm_msgs/lib/librebotarm_msgs__rosidl_generator_c.so\n'}
[2.638971] (rebotarm_msgs) StdoutLine: {'line': b'-- Up-to-date: /home/ylnn/DM_Armx/install/rebotarm_msgs/lib/librebotarm_msgs__rosidl_typesupport_fastrtps_c.so\n'}
[2.639068] (rebotarm_msgs) StdoutLine: {'line': b'-- Up-to-date: /home/ylnn/DM_Armx/install/rebotarm_msgs/lib/librebotarm_msgs__rosidl_typesupport_introspection_c.so\n'}
[2.639172] (rebotarm_msgs) StdoutLine: {'line': b'-- Up-to-date: /home/ylnn/DM_Armx/install/rebotarm_msgs/lib/librebotarm_msgs__rosidl_typesupport_c.so\n'}
[2.639346] (rebotarm_msgs) StdoutLine: {'line': b'-- Up-to-date: /home/ylnn/DM_Armx/install/rebotarm_msgs/lib/librebotarm_msgs__rosidl_typesupport_fastrtps_cpp.so\n'}
[2.639588] (rebotarm_msgs) StdoutLine: {'line': b'-- Up-to-date: /home/ylnn/DM_Armx/install/rebotarm_msgs/lib/librebotarm_msgs__rosidl_typesupport_introspection_cpp.so\n'}
[2.639708] (rebotarm_msgs) StdoutLine: {'line': b'-- Up-to-date: /home/ylnn/DM_Armx/install/rebotarm_msgs/lib/librebotarm_msgs__rosidl_typesupport_cpp.so\n'}
[2.669058] (rebotarm_msgs) StdoutLine: {'line': b"Listing '/home/ylnn/DM_Armx/install/rebotarm_msgs/lib/python3.12/site-packages/rebotarm_msgs'...\n"}
[2.669183] (rebotarm_msgs) StdoutLine: {'line': b"Compiling '/home/ylnn/DM_Armx/install/rebotarm_msgs/lib/python3.12/site-packages/rebotarm_msgs/__init__.py'...\n"}
[2.669237] (rebotarm_msgs) StdoutLine: {'line': b"Listing '/home/ylnn/DM_Armx/install/rebotarm_msgs/lib/python3.12/site-packages/rebotarm_msgs/action'...\n"}
[2.669291] (rebotarm_msgs) StdoutLine: {'line': b"Listing '/home/ylnn/DM_Armx/install/rebotarm_msgs/lib/python3.12/site-packages/rebotarm_msgs/msg'...\n"}
[2.669336] (rebotarm_msgs) StdoutLine: {'line': b"Listing '/home/ylnn/DM_Armx/install/rebotarm_msgs/lib/python3.12/site-packages/rebotarm_msgs/srv'...\n"}
[2.672724] (rebotarm_msgs) StdoutLine: {'line': b'-- Up-to-date: /home/ylnn/DM_Armx/install/rebotarm_msgs/lib/librebotarm_msgs__rosidl_generator_py.so\n'}
[2.672905] (rebotarm_msgs) StdoutLine: {'line': b'-- Up-to-date: /home/ylnn/DM_Armx/install/rebotarm_msgs/share/rebotarm_msgs/cmake/export_rebotarm_msgs__rosidl_generator_cExport.cmake\n'}
[2.672998] (rebotarm_msgs) StdoutLine: {'line': b'-- Up-to-date: /home/ylnn/DM_Armx/install/rebotarm_msgs/share/rebotarm_msgs/cmake/export_rebotarm_msgs__rosidl_generator_cExport-noconfig.cmake\n'}
[2.673077] (rebotarm_msgs) StdoutLine: {'line': b'-- Up-to-date: /home/ylnn/DM_Armx/install/rebotarm_msgs/share/rebotarm_msgs/cmake/export_rebotarm_msgs__rosidl_typesupport_fastrtps_cExport.cmake\n'}
[2.673148] (rebotarm_msgs) StdoutLine: {'line': b'-- Up-to-date: /home/ylnn/DM_Armx/install/rebotarm_msgs/share/rebotarm_msgs/cmake/export_rebotarm_msgs__rosidl_typesupport_fastrtps_cExport-noconfig.cmake\n'}
[2.673209] (rebotarm_msgs) StdoutLine: {'line': b'-- Up-to-date: /home/ylnn/DM_Armx/install/rebotarm_msgs/share/rebotarm_msgs/cmake/rebotarm_msgs__rosidl_typesupport_introspection_cExport.cmake\n'}
[2.673261] (rebotarm_msgs) StdoutLine: {'line': b'-- Up-to-date: /home/ylnn/DM_Armx/install/rebotarm_msgs/share/rebotarm_msgs/cmake/rebotarm_msgs__rosidl_typesupport_introspection_cExport-noconfig.cmake\n'}
[2.673316] (rebotarm_msgs) StdoutLine: {'line': b'-- Up-to-date: /home/ylnn/DM_Armx/install/rebotarm_msgs/share/rebotarm_msgs/cmake/rebotarm_msgs__rosidl_typesupport_cExport.cmake\n'}
[2.673361] (rebotarm_msgs) StdoutLine: {'line': b'-- Up-to-date: /home/ylnn/DM_Armx/install/rebotarm_msgs/share/rebotarm_msgs/cmake/rebotarm_msgs__rosidl_typesupport_cExport-noconfig.cmake\n'}
[2.673404] (rebotarm_msgs) StdoutLine: {'line': b'-- Up-to-date: /home/ylnn/DM_Armx/install/rebotarm_msgs/share/rebotarm_msgs/cmake/export_rebotarm_msgs__rosidl_generator_cppExport.cmake\n'}
[2.673449] (rebotarm_msgs) StdoutLine: {'line': b'-- Up-to-date: /home/ylnn/DM_Armx/install/rebotarm_msgs/share/rebotarm_msgs/cmake/export_rebotarm_msgs__rosidl_typesupport_fastrtps_cppExport.cmake\n'}
[2.673494] (rebotarm_msgs) StdoutLine: {'line': b'-- Up-to-date: /home/ylnn/DM_Armx/install/rebotarm_msgs/share/rebotarm_msgs/cmake/export_rebotarm_msgs__rosidl_typesupport_fastrtps_cppExport-noconfig.cmake\n'}
[2.673538] (rebotarm_msgs) StdoutLine: {'line': b'-- Up-to-date: /home/ylnn/DM_Armx/install/rebotarm_msgs/share/rebotarm_msgs/cmake/rebotarm_msgs__rosidl_typesupport_introspection_cppExport.cmake\n'}
[2.673583] (rebotarm_msgs) StdoutLine: {'line': b'-- Up-to-date: /home/ylnn/DM_Armx/install/rebotarm_msgs/share/rebotarm_msgs/cmake/rebotarm_msgs__rosidl_typesupport_introspection_cppExport-noconfig.cmake\n'}
[2.673631] (rebotarm_msgs) StdoutLine: {'line': b'-- Up-to-date: /home/ylnn/DM_Armx/install/rebotarm_msgs/share/rebotarm_msgs/cmake/rebotarm_msgs__rosidl_typesupport_cppExport.cmake\n'}
[2.673678] (rebotarm_msgs) StdoutLine: {'line': b'-- Up-to-date: /home/ylnn/DM_Armx/install/rebotarm_msgs/share/rebotarm_msgs/cmake/rebotarm_msgs__rosidl_typesupport_cppExport-noconfig.cmake\n'}
[2.673722] (rebotarm_msgs) StdoutLine: {'line': b'-- Up-to-date: /home/ylnn/DM_Armx/install/rebotarm_msgs/share/rebotarm_msgs/cmake/export_rebotarm_msgs__rosidl_generator_pyExport.cmake\n'}
[2.673768] (rebotarm_msgs) StdoutLine: {'line': b'-- Up-to-date: /home/ylnn/DM_Armx/install/rebotarm_msgs/share/rebotarm_msgs/cmake/export_rebotarm_msgs__rosidl_generator_pyExport-noconfig.cmake\n'}
[2.674707] (rebotarm_msgs) CommandEnded: {'returncode': 0}
[2.690790] (rebotarm_msgs) JobEnded: {'identifier': 'rebotarm_msgs', 'rc': 0}
[2.691636] (fake_driver_pkg) JobStarted: {'identifier': 'fake_driver_pkg'}
[2.693950] (mujoco_pkg) JobStarted: {'identifier': 'mujoco_pkg'}
[2.709194] (-) TimerEvent: {}
[2.809647] (-) TimerEvent: {}
[2.909975] (-) TimerEvent: {}
[3.010175] (-) TimerEvent: {}
[3.110410] (-) TimerEvent: {}
[3.124845] (fake_driver_pkg) Command: {'cmd': ['/home/ylnn/DM_Armx/.pixi/envs/default/bin/python3.12', '-W', 'ignore:setup.py install is deprecated', '-W', 'ignore:easy_install command is deprecated', 'setup.py', 'develop', '--uninstall', '--editable', '--build-directory', '/home/ylnn/DM_Armx/build/fake_driver_pkg/build'], 'cwd': '/home/ylnn/DM_Armx/build/fake_driver_pkg', 'env': {'LESSOPEN': '| /usr/bin/lesspipe %s', 'PIXI_ENVIRONMENT_NAME': 'default', 'USER': 'ylnn', 'XDG_SESSION_TYPE': 'wayland', 'PIXI_EXE': '/home/ylnn/.pixi/bin/pixi', 'PTYXIS_VERSION': '50.1', 'ROS_ETC_DIR': '/home/ylnn/DM_Armx/.pixi/envs/default/etc/ros', 'SHLVL': '2', 'LD_LIBRARY_PATH': '/home/ylnn/DM_Armx/install/rebotarm_msgs/lib:/home/ylnn/reBot_Arm_Mujoco-DM/reBotArm_ros2_DM/install/rebotarm_msgs/lib', 'HOME': '/home/ylnn', 'CONDA_SHLVL': '1', 'OLDPWD': '/home/ylnn/DM_Armx/src', 'DESKTOP_SESSION': 'ubuntu', 'IM_CONFIG_ENTRY': 'profile', 'ROS_PYTHON_VERSION': '3', 'GTK_MODULES': 'gail:atk-bridge', 'PS1': '(DM_Armx) \\[\\e]0;\\u@\\h: \\w\\a\\]${debian_chroot:+($debian_chroot)}\\[\\033[01;32m\\]\\u@\\h\\[\\033[00m\\]:\\[\\033[01;34m\\]\\w\\[\\033[00m\\]\\$', 'MANAGERPID': '3950', 'PIXI_IN_SHELL': '1', 'SYSTEMD_EXEC_PID': '4689', 'DBUS_SESSION_BUS_ADDRESS': 'unix:path=/run/user/1000/bus', 'COLORTERM': 'truecolor', 'GIO_LAUNCHED_DESKTOP_FILE_PID': '9131', 'GNOME_KEYRING_CONTROL': '/run/user/1000/keyring', 'DEBUGINFOD_URLS': 'https://debuginfod.ubuntu.com', 'WAYLAND_DISPLAY': 'wayland-0', 'COLCON_PREFIX_PATH': '/home/ylnn/DM_Armx/install:/home/ylnn/reBot_Arm_Mujoco-DM/reBotArm_ros2_DM/install', 'ROS_DISTRO': 'jazzy', 'LOGNAME': 'ylnn', 'MANAGERPIDFDID': '41209', 'JOURNAL_STREAM': '10:28149', '_': '/home/ylnn/DM_Armx/.pixi/envs/default/bin/colcon', 'ROS_VERSION': '2', 'MEMORY_PRESSURE_WATCH': '/sys/fs/cgroup/user.slice/user-1000.slice/user@1000.service/session.slice/org.gnome.SettingsDaemon.MediaKeys.service/memory.pressure', 'XDG_SESSION_CLASS': 'user', 'USERNAME': 'ylnn', 'TERM': 'xterm-256color', 'PIXI_ENVIRONMENT_PLATFORMS': 'linux-64', 'GNOME_DESKTOP_SESSION_ID': 'this-is-deprecated', 'ROS_OS_OVERRIDE': 'conda:linux', 'FLATPAK_TTY_PROGRESS': '1', 'PATH': '/home/ylnn/DM_Armx/.pixi/envs/default/bin:/home/ylnn/DM_Armx/.pixi/envs/default/bin:/home/ylnn/.pixi/bin:/home/ylnn/.local/bin:/usr/local/sbin:/usr/local/bin:/usr/sbin:/usr/bin:/sbin:/bin:/usr/games:/usr/local/games:/snap/bin:/snap/bin:/home/ylnn/.local/bin:/home/ylnn/.local/bin', 'INVOCATION_ID': '76dc85ded2e143c1ba10984d3af79769', 'XDG_MENU_PREFIX': 'gnome-', 'PTYXIS_PROFILE': '29ef11a0727ce3578ea238b06a997d6b', 'GNOME_SETUP_DISPLAY': 'unix:/tmp/.X11-unix/X1', 'PIXI_PROJECT_VERSION': '0.1.0', 'XDG_RUNTIME_DIR': '/run/user/1000', 'DISPLAY': ':0', 'LANG': 'zh_CN.UTF-8', 'XDG_CURRENT_DESKTOP': 'ubuntu:GNOME', 'XMODIFIERS': '@im=ibus', 'XDG_SESSION_DESKTOP': 'ubuntu', 'XAUTHORITY': '/run/user/1000/.mutter-Xwaylandauth.BCRSV3', 'LS_COLORS': 'rs=0:di=01;34:ln=01;36:mh=00:pi=40;33:so=01;35:do=01;35:bd=40;33;01:cd=40;33;01:or=40;31;01:mi=00:su=37;41:sg=30;43:ca=00:tw=30;42:ow=34;42:st=37;44:ex=01;32:*.tar=01;31:*.tgz=01;31:*.arc=01;31:*.arj=01;31:*.taz=01;31:*.lha=01;31:*.lz4=01;31:*.lzh=01;31:*.lzma=01;31:*.tlz=01;31:*.txz=01;31:*.tzo=01;31:*.t7z=01;31:*.zip=01;31:*.z=01;31:*.dz=01;31:*.gz=01;31:*.lrz=01;31:*.lz=01;31:*.lzo=01;31:*.xz=01;31:*.zst=01;31:*.tzst=01;31:*.bz2=01;31:*.bz=01;31:*.tbz=01;31:*.tbz2=01;31:*.tz=01;31:*.deb=01;31:*.rpm=01;31:*.jar=01;31:*.war=01;31:*.ear=01;31:*.sar=01;31:*.rar=01;31:*.alz=01;31:*.ace=01;31:*.zoo=01;31:*.cpio=01;31:*.7z=01;31:*.rz=01;31:*.cab=01;31:*.wim=01;31:*.swm=01;31:*.dwm=01;31:*.esd=01;31:*.avif=01;35:*.jpg=01;35:*.jpeg=01;35:*.mjpg=01;35:*.mjpeg=01;35:*.gif=01;35:*.bmp=01;35:*.pbm=01;35:*.pgm=01;35:*.ppm=01;35:*.tga=01;35:*.xbm=01;35:*.xpm=01;35:*.tif=01;35:*.tiff=01;35:*.png=01;35:*.svg=01;35:*.svgz=01;35:*.mng=01;35:*.pcx=01;35:*.mov=01;35:*.mpg=01;35:*.mpeg=01;35:*.m2v=01;35:*.mkv=01;35:*.webm=01;35:*.webp=01;35:*.ogm=01;35:*.mp4=01;35:*.m4v=01;35:*.mp4v=01;35:*.vob=01;35:*.qt=01;35:*.nuv=01;35:*.wmv=01;35:*.asf=01;35:*.rm=01;35:*.rmvb=01;35:*.flc=01;35:*.avi=01;35:*.fli=01;35:*.flv=01;35:*.gl=01;35:*.dl=01;35:*.xcf=01;35:*.xwd=01;35:*.yuv=01;35:*.cgm=01;35:*.emf=01;35:*.ogv=01;35:*.ogx=01;35:*.aac=00;36:*.au=00;36:*.flac=00;36:*.m4a=00;36:*.mid=00;36:*.midi=00;36:*.mka=00;36:*.mp3=00;36:*.mpc=00;36:*.ogg=00;36:*.ra=00;36:*.wav=00;36:*.oga=00;36:*.opus=00;36:*.spx=00;36:*.xspf=00;36:*~=00;90:*#=00;90:*.bak=00;90:*.old=00;90:*.orig=00;90:*.part=00;90:*.rej=00;90:*.swp=00;90:*.tmp=00;90:*.dpkg-dist=00;90:*.dpkg-old=00;90:*.ucf-dist=00;90:*.ucf-new=00;90:*.ucf-old=00;90:*.rpmnew=00;90:*.rpmorig=00;90:*.rpmsave=00;90:', 'SSH_AUTH_SOCK': '/run/user/1000/gcr/ssh', 'PIXI_PROMPT': '(DM_Armx)', 'XML_CATALOG_FILES': 'file:///home/ylnn/DM_Armx/.pixi/envs/default/etc/xml/catalog file:///etc/xml/catalog', 'GSETTINGS_SCHEMA_DIR': '/home/ylnn/DM_Armx/.pixi/envs/default/share/glib-2.0/schemas', 'AMENT_PREFIX_PATH': '/home/ylnn/DM_Armx/install/rebotarm_msgs:/home/ylnn/DM_Armx/.pixi/envs/default', 'SHELL': '/bin/bash', 'QT_ACCESSIBILITY': '1', 'GDMSESSION': 'ubuntu', 'LESSCLOSE': '/usr/bin/lesspipe %s %s', 'CONDA_DEFAULT_ENV': 'DM_Armx', 'PIXI_PROJECT_ROOT': '/home/ylnn/DM_Armx', 'GPG_AGENT_INFO': '/run/user/1000/gnupg/S.gpg-agent:0:1', 'PIXI_PROJECT_MANIFEST': '/home/ylnn/DM_Armx/pixi.toml', 'ROS_AUTOMATIC_DISCOVERY_RANGE': 'SUBNET', 'QT_IM_MODULE': 'ibus', 'PWD': '/home/ylnn/DM_Armx/build/fake_driver_pkg', 'XDG_CONFIG_DIRS': '/etc/xdg/xdg-ubuntu:/etc/xdg', 'PIXI_PROJECT_NAME': 'DM_Armx', 'XDG_DATA_DIRS': '/usr/share/ubuntu:/usr/share/gnome:/usr/local/share/:/usr/share/:/var/lib/snapd/desktop', 'XDG_SESSION_EXTRA_DEVICE_ACCESS': 'render:accel', 'PYTHONPATH': '/home/ylnn/DM_Armx/build/fake_driver_pkg/prefix_override:/home/ylnn/DM_Armx/.pixi/envs/default/lib/python3.12/site-packages/colcon_core/task/python/colcon_distutils_commands:/home/ylnn/DM_Armx/install/fake_driver_pkg/lib/python3.12/site-packages:/home/ylnn/DM_Armx/install/rebotarm_msgs/lib/python3.12/site-packages:/home/ylnn/DM_Armx/install/mujoco_pkg/lib/python3.12/site-packages:/home/ylnn/reBot_Arm_Mujoco-DM/reBotArm_ros2_DM/build/rebotarm_mujoco:/home/ylnn/reBot_Arm_Mujoco-DM/reBotArm_ros2_DM/install/rebotarm_mujoco/lib/python3.12/site-packages:/home/ylnn/reBot_Arm_Mujoco-DM/reBotArm_ros2_DM/build/rebotarm_moveit_demos:/home/ylnn/reBot_Arm_Mujoco-DM/reBotArm_ros2_DM/install/rebotarm_moveit_demos/lib/python3.12/site-packages:/home/ylnn/reBot_Arm_Mujoco-DM/reBotArm_ros2_DM/build/rebotarm_bringup:/home/ylnn/reBot_Arm_Mujoco-DM/reBotArm_ros2_DM/install/rebotarm_bringup/lib/python3.12/site-packages:/home/ylnn/reBot_Arm_Mujoco-DM/reBotArm_ros2_DM/build/rebotarmcontroller:/home/ylnn/reBot_Arm_Mujoco-DM/reBotArm_ros2_DM/install/rebotarmcontroller/lib/python3.12/site-packages:/home/ylnn/reBot_Arm_Mujoco-DM/reBotArm_ros2_DM/build/rebotarm_agent:/home/ylnn/reBot_Arm_Mujoco-DM/reBotArm_ros2_DM/install/rebotarm_agent/lib/python3.12/site-packages:/home/ylnn/reBot_Arm_Mujoco-DM/reBotArm_ros2_DM/install/rebotarm_msgs/lib/python3.12/site-packages:/home/ylnn/DM_Armx/.pixi/envs/default/lib/python/site-packages:/home/ylnn/DM_Armx/.pixi/envs/default/lib/python3.12/site-packages', 'CONDA_PREFIX': '/home/ylnn/DM_Armx/.pixi/envs/default', 'GSETTINGS_SCHEMA_DIR_CONDA_BACKUP': '', 'COLCON': '1', 'QT_IM_MODULES': 'wayland;ibus', 'MEMORY_PRESSURE_WRITE': 'c29tZSAyMDAwMDAgMjAwMDAwMAA=', 'VTE_VERSION': '8400', 'CMAKE_PREFIX_PATH': '/home/ylnn/DM_Armx/install/rebotarm_msgs:/home/ylnn/reBot_Arm_Mujoco-DM/reBotArm_ros2_DM/install/rebotarm_moveit_config:/home/ylnn/reBot_Arm_Mujoco-DM/reBotArm_ros2_DM/install/rebotarm_msgs'}, 'shell': False}
[3.125954] (mujoco_pkg) Command: {'cmd': ['/home/ylnn/DM_Armx/.pixi/envs/default/bin/python3.12', '-W', 'ignore:setup.py install is deprecated', '-W', 'ignore:easy_install command is deprecated', 'setup.py', 'develop', '--uninstall', '--editable', '--build-directory', '/home/ylnn/DM_Armx/build/mujoco_pkg/build'], 'cwd': '/home/ylnn/DM_Armx/build/mujoco_pkg', 'env': {'LESSOPEN': '| /usr/bin/lesspipe %s', 'PIXI_ENVIRONMENT_NAME': 'default', 'USER': 'ylnn', 'XDG_SESSION_TYPE': 'wayland', 'PIXI_EXE': '/home/ylnn/.pixi/bin/pixi', 'PTYXIS_VERSION': '50.1', 'ROS_ETC_DIR': '/home/ylnn/DM_Armx/.pixi/envs/default/etc/ros', 'SHLVL': '2', 'LD_LIBRARY_PATH': '/home/ylnn/DM_Armx/install/rebotarm_msgs/lib:/home/ylnn/reBot_Arm_Mujoco-DM/reBotArm_ros2_DM/install/rebotarm_msgs/lib', 'HOME': '/home/ylnn', 'CONDA_SHLVL': '1', 'OLDPWD': '/home/ylnn/DM_Armx/src', 'DESKTOP_SESSION': 'ubuntu', 'IM_CONFIG_ENTRY': 'profile', 'ROS_PYTHON_VERSION': '3', 'GTK_MODULES': 'gail:atk-bridge', 'PS1': '(DM_Armx) \\[\\e]0;\\u@\\h: \\w\\a\\]${debian_chroot:+($debian_chroot)}\\[\\033[01;32m\\]\\u@\\h\\[\\033[00m\\]:\\[\\033[01;34m\\]\\w\\[\\033[00m\\]\\$', 'MANAGERPID': '3950', 'PIXI_IN_SHELL': '1', 'SYSTEMD_EXEC_PID': '4689', 'DBUS_SESSION_BUS_ADDRESS': 'unix:path=/run/user/1000/bus', 'COLORTERM': 'truecolor', 'GIO_LAUNCHED_DESKTOP_FILE_PID': '9131', 'GNOME_KEYRING_CONTROL': '/run/user/1000/keyring', 'DEBUGINFOD_URLS': 'https://debuginfod.ubuntu.com', 'WAYLAND_DISPLAY': 'wayland-0', 'COLCON_PREFIX_PATH': '/home/ylnn/DM_Armx/install:/home/ylnn/reBot_Arm_Mujoco-DM/reBotArm_ros2_DM/install', 'ROS_DISTRO': 'jazzy', 'LOGNAME': 'ylnn', 'MANAGERPIDFDID': '41209', 'JOURNAL_STREAM': '10:28149', '_': '/home/ylnn/DM_Armx/.pixi/envs/default/bin/colcon', 'ROS_VERSION': '2', 'MEMORY_PRESSURE_WATCH': '/sys/fs/cgroup/user.slice/user-1000.slice/user@1000.service/session.slice/org.gnome.SettingsDaemon.MediaKeys.service/memory.pressure', 'XDG_SESSION_CLASS': 'user', 'USERNAME': 'ylnn', 'TERM': 'xterm-256color', 'PIXI_ENVIRONMENT_PLATFORMS': 'linux-64', 'GNOME_DESKTOP_SESSION_ID': 'this-is-deprecated', 'ROS_OS_OVERRIDE': 'conda:linux', 'FLATPAK_TTY_PROGRESS': '1', 'PATH': '/home/ylnn/DM_Armx/.pixi/envs/default/bin:/home/ylnn/DM_Armx/.pixi/envs/default/bin:/home/ylnn/.pixi/bin:/home/ylnn/.local/bin:/usr/local/sbin:/usr/local/bin:/usr/sbin:/usr/bin:/sbin:/bin:/usr/games:/usr/local/games:/snap/bin:/snap/bin:/home/ylnn/.local/bin:/home/ylnn/.local/bin', 'INVOCATION_ID': '76dc85ded2e143c1ba10984d3af79769', 'XDG_MENU_PREFIX': 'gnome-', 'PTYXIS_PROFILE': '29ef11a0727ce3578ea238b06a997d6b', 'GNOME_SETUP_DISPLAY': 'unix:/tmp/.X11-unix/X1', 'PIXI_PROJECT_VERSION': '0.1.0', 'XDG_RUNTIME_DIR': '/run/user/1000', 'DISPLAY': ':0', 'LANG': 'zh_CN.UTF-8', 'XDG_CURRENT_DESKTOP': 'ubuntu:GNOME', 'XMODIFIERS': '@im=ibus', 'XDG_SESSION_DESKTOP': 'ubuntu', 'XAUTHORITY': '/run/user/1000/.mutter-Xwaylandauth.BCRSV3', 'LS_COLORS': 'rs=0:di=01;34:ln=01;36:mh=00:pi=40;33:so=01;35:do=01;35:bd=40;33;01:cd=40;33;01:or=40;31;01:mi=00:su=37;41:sg=30;43:ca=00:tw=30;42:ow=34;42:st=37;44:ex=01;32:*.tar=01;31:*.tgz=01;31:*.arc=01;31:*.arj=01;31:*.taz=01;31:*.lha=01;31:*.lz4=01;31:*.lzh=01;31:*.lzma=01;31:*.tlz=01;31:*.txz=01;31:*.tzo=01;31:*.t7z=01;31:*.zip=01;31:*.z=01;31:*.dz=01;31:*.gz=01;31:*.lrz=01;31:*.lz=01;31:*.lzo=01;31:*.xz=01;31:*.zst=01;31:*.tzst=01;31:*.bz2=01;31:*.bz=01;31:*.tbz=01;31:*.tbz2=01;31:*.tz=01;31:*.deb=01;31:*.rpm=01;31:*.jar=01;31:*.war=01;31:*.ear=01;31:*.sar=01;31:*.rar=01;31:*.alz=01;31:*.ace=01;31:*.zoo=01;31:*.cpio=01;31:*.7z=01;31:*.rz=01;31:*.cab=01;31:*.wim=01;31:*.swm=01;31:*.dwm=01;31:*.esd=01;31:*.avif=01;35:*.jpg=01;35:*.jpeg=01;35:*.mjpg=01;35:*.mjpeg=01;35:*.gif=01;35:*.bmp=01;35:*.pbm=01;35:*.pgm=01;35:*.ppm=01;35:*.tga=01;35:*.xbm=01;35:*.xpm=01;35:*.tif=01;35:*.tiff=01;35:*.png=01;35:*.svg=01;35:*.svgz=01;35:*.mng=01;35:*.pcx=01;35:*.mov=01;35:*.mpg=01;35:*.mpeg=01;35:*.m2v=01;35:*.mkv=01;35:*.webm=01;35:*.webp=01;35:*.ogm=01;35:*.mp4=01;35:*.m4v=01;35:*.mp4v=01;35:*.vob=01;35:*.qt=01;35:*.nuv=01;35:*.wmv=01;35:*.asf=01;35:*.rm=01;35:*.rmvb=01;35:*.flc=01;35:*.avi=01;35:*.fli=01;35:*.flv=01;35:*.gl=01;35:*.dl=01;35:*.xcf=01;35:*.xwd=01;35:*.yuv=01;35:*.cgm=01;35:*.emf=01;35:*.ogv=01;35:*.ogx=01;35:*.aac=00;36:*.au=00;36:*.flac=00;36:*.m4a=00;36:*.mid=00;36:*.midi=00;36:*.mka=00;36:*.mp3=00;36:*.mpc=00;36:*.ogg=00;36:*.ra=00;36:*.wav=00;36:*.oga=00;36:*.opus=00;36:*.spx=00;36:*.xspf=00;36:*~=00;90:*#=00;90:*.bak=00;90:*.old=00;90:*.orig=00;90:*.part=00;90:*.rej=00;90:*.swp=00;90:*.tmp=00;90:*.dpkg-dist=00;90:*.dpkg-old=00;90:*.ucf-dist=00;90:*.ucf-new=00;90:*.ucf-old=00;90:*.rpmnew=00;90:*.rpmorig=00;90:*.rpmsave=00;90:', 'SSH_AUTH_SOCK': '/run/user/1000/gcr/ssh', 'PIXI_PROMPT': '(DM_Armx)', 'XML_CATALOG_FILES': 'file:///home/ylnn/DM_Armx/.pixi/envs/default/etc/xml/catalog file:///etc/xml/catalog', 'GSETTINGS_SCHEMA_DIR': '/home/ylnn/DM_Armx/.pixi/envs/default/share/glib-2.0/schemas', 'AMENT_PREFIX_PATH': '/home/ylnn/DM_Armx/install/rebotarm_msgs:/home/ylnn/DM_Armx/.pixi/envs/default', 'SHELL': '/bin/bash', 'QT_ACCESSIBILITY': '1', 'GDMSESSION': 'ubuntu', 'LESSCLOSE': '/usr/bin/lesspipe %s %s', 'CONDA_DEFAULT_ENV': 'DM_Armx', 'PIXI_PROJECT_ROOT': '/home/ylnn/DM_Armx', 'GPG_AGENT_INFO': '/run/user/1000/gnupg/S.gpg-agent:0:1', 'PIXI_PROJECT_MANIFEST': '/home/ylnn/DM_Armx/pixi.toml', 'ROS_AUTOMATIC_DISCOVERY_RANGE': 'SUBNET', 'QT_IM_MODULE': 'ibus', 'PWD': '/home/ylnn/DM_Armx/build/mujoco_pkg', 'XDG_CONFIG_DIRS': '/etc/xdg/xdg-ubuntu:/etc/xdg', 'PIXI_PROJECT_NAME': 'DM_Armx', 'XDG_DATA_DIRS': '/usr/share/ubuntu:/usr/share/gnome:/usr/local/share/:/usr/share/:/var/lib/snapd/desktop', 'XDG_SESSION_EXTRA_DEVICE_ACCESS': 'render:accel', 'PYTHONPATH': '/home/ylnn/DM_Armx/build/mujoco_pkg/prefix_override:/home/ylnn/DM_Armx/.pixi/envs/default/lib/python3.12/site-packages/colcon_core/task/python/colcon_distutils_commands:/home/ylnn/DM_Armx/install/mujoco_pkg/lib/python3.12/site-packages:/home/ylnn/DM_Armx/install/rebotarm_msgs/lib/python3.12/site-packages:/home/ylnn/DM_Armx/install/mujoco_pkg/lib/python3.12/site-packages:/home/ylnn/reBot_Arm_Mujoco-DM/reBotArm_ros2_DM/build/rebotarm_mujoco:/home/ylnn/reBot_Arm_Mujoco-DM/reBotArm_ros2_DM/install/rebotarm_mujoco/lib/python3.12/site-packages:/home/ylnn/reBot_Arm_Mujoco-DM/reBotArm_ros2_DM/build/rebotarm_moveit_demos:/home/ylnn/reBot_Arm_Mujoco-DM/reBotArm_ros2_DM/install/rebotarm_moveit_demos/lib/python3.12/site-packages:/home/ylnn/reBot_Arm_Mujoco-DM/reBotArm_ros2_DM/build/rebotarm_bringup:/home/ylnn/reBot_Arm_Mujoco-DM/reBotArm_ros2_DM/install/rebotarm_bringup/lib/python3.12/site-packages:/home/ylnn/reBot_Arm_Mujoco-DM/reBotArm_ros2_DM/build/rebotarmcontroller:/home/ylnn/reBot_Arm_Mujoco-DM/reBotArm_ros2_DM/install/rebotarmcontroller/lib/python3.12/site-packages:/home/ylnn/reBot_Arm_Mujoco-DM/reBotArm_ros2_DM/build/rebotarm_agent:/home/ylnn/reBot_Arm_Mujoco-DM/reBotArm_ros2_DM/install/rebotarm_agent/lib/python3.12/site-packages:/home/ylnn/reBot_Arm_Mujoco-DM/reBotArm_ros2_DM/install/rebotarm_msgs/lib/python3.12/site-packages:/home/ylnn/DM_Armx/.pixi/envs/default/lib/python/site-packages:/home/ylnn/DM_Armx/.pixi/envs/default/lib/python3.12/site-packages', 'CONDA_PREFIX': '/home/ylnn/DM_Armx/.pixi/envs/default', 'GSETTINGS_SCHEMA_DIR_CONDA_BACKUP': '', 'COLCON': '1', 'QT_IM_MODULES': 'wayland;ibus', 'MEMORY_PRESSURE_WRITE': 'c29tZSAyMDAwMDAgMjAwMDAwMAA=', 'VTE_VERSION': '8400', 'CMAKE_PREFIX_PATH': '/home/ylnn/DM_Armx/install/rebotarm_msgs:/home/ylnn/reBot_Arm_Mujoco-DM/reBotArm_ros2_DM/install/rebotarm_moveit_config:/home/ylnn/reBot_Arm_Mujoco-DM/reBotArm_ros2_DM/install/rebotarm_msgs'}, 'shell': False}
[3.210574] (-) TimerEvent: {}
[3.245464] (mujoco_pkg) StdoutLine: {'line': b'running develop\n'}
[3.248219] (fake_driver_pkg) StdoutLine: {'line': b'running develop\n'}
[3.295846] (mujoco_pkg) StdoutLine: {'line': b'Removing /home/ylnn/DM_Armx/install/mujoco_pkg/lib/python3.12/site-packages/mujoco-pkg.egg-link (link to .)\n'}
[3.298277] (fake_driver_pkg) StdoutLine: {'line': b'Removing /home/ylnn/DM_Armx/install/fake_driver_pkg/lib/python3.12/site-packages/fake-driver-pkg.egg-link (link to .)\n'}
[3.309846] (mujoco_pkg) CommandEnded: {'returncode': 0}
[3.310546] (mujoco_pkg) Command: {'cmd': ['/home/ylnn/DM_Armx/.pixi/envs/default/bin/python3.12', '-W', 'ignore:setup.py install is deprecated', '-W', 'ignore:easy_install command is deprecated', 'setup.py', 'egg_info', '--egg-base', '../../build/mujoco_pkg', 'build', '--build-base', '/home/ylnn/DM_Armx/build/mujoco_pkg/build', 'install', '--record', '/home/ylnn/DM_Armx/build/mujoco_pkg/install.log', '--install-scripts', '$base/lib/mujoco_pkg', '--single-version-externally-managed', 'install_data', '--force'], 'cwd': '/home/ylnn/DM_Armx/src/mujoco_pkg', 'env': {'LESSOPEN': '| /usr/bin/lesspipe %s', 'PIXI_ENVIRONMENT_NAME': 'default', 'USER': 'ylnn', 'XDG_SESSION_TYPE': 'wayland', 'PIXI_EXE': '/home/ylnn/.pixi/bin/pixi', 'PTYXIS_VERSION': '50.1', 'ROS_ETC_DIR': '/home/ylnn/DM_Armx/.pixi/envs/default/etc/ros', 'SHLVL': '2', 'LD_LIBRARY_PATH': '/home/ylnn/DM_Armx/install/rebotarm_msgs/lib:/home/ylnn/reBot_Arm_Mujoco-DM/reBotArm_ros2_DM/install/rebotarm_msgs/lib', 'HOME': '/home/ylnn', 'CONDA_SHLVL': '1', 'OLDPWD': '/home/ylnn/DM_Armx/src', 'DESKTOP_SESSION': 'ubuntu', 'IM_CONFIG_ENTRY': 'profile', 'ROS_PYTHON_VERSION': '3', 'GTK_MODULES': 'gail:atk-bridge', 'PS1': '(DM_Armx) \\[\\e]0;\\u@\\h: \\w\\a\\]${debian_chroot:+($debian_chroot)}\\[\\033[01;32m\\]\\u@\\h\\[\\033[00m\\]:\\[\\033[01;34m\\]\\w\\[\\033[00m\\]\\$', 'MANAGERPID': '3950', 'PIXI_IN_SHELL': '1', 'SYSTEMD_EXEC_PID': '4689', 'DBUS_SESSION_BUS_ADDRESS': 'unix:path=/run/user/1000/bus', 'COLORTERM': 'truecolor', 'GIO_LAUNCHED_DESKTOP_FILE_PID': '9131', 'GNOME_KEYRING_CONTROL': '/run/user/1000/keyring', 'DEBUGINFOD_URLS': 'https://debuginfod.ubuntu.com', 'WAYLAND_DISPLAY': 'wayland-0', 'COLCON_PREFIX_PATH': '/home/ylnn/DM_Armx/install:/home/ylnn/reBot_Arm_Mujoco-DM/reBotArm_ros2_DM/install', 'ROS_DISTRO': 'jazzy', 'LOGNAME': 'ylnn', 'MANAGERPIDFDID': '41209', 'JOURNAL_STREAM': '10:28149', '_': '/home/ylnn/DM_Armx/.pixi/envs/default/bin/colcon', 'ROS_VERSION': '2', 'MEMORY_PRESSURE_WATCH': '/sys/fs/cgroup/user.slice/user-1000.slice/user@1000.service/session.slice/org.gnome.SettingsDaemon.MediaKeys.service/memory.pressure', 'XDG_SESSION_CLASS': 'user', 'USERNAME': 'ylnn', 'TERM': 'xterm-256color', 'PIXI_ENVIRONMENT_PLATFORMS': 'linux-64', 'GNOME_DESKTOP_SESSION_ID': 'this-is-deprecated', 'ROS_OS_OVERRIDE': 'conda:linux', 'FLATPAK_TTY_PROGRESS': '1', 'PATH': '/home/ylnn/DM_Armx/.pixi/envs/default/bin:/home/ylnn/DM_Armx/.pixi/envs/default/bin:/home/ylnn/.pixi/bin:/home/ylnn/.local/bin:/usr/local/sbin:/usr/local/bin:/usr/sbin:/usr/bin:/sbin:/bin:/usr/games:/usr/local/games:/snap/bin:/snap/bin:/home/ylnn/.local/bin:/home/ylnn/.local/bin', 'INVOCATION_ID': '76dc85ded2e143c1ba10984d3af79769', 'XDG_MENU_PREFIX': 'gnome-', 'PTYXIS_PROFILE': '29ef11a0727ce3578ea238b06a997d6b', 'GNOME_SETUP_DISPLAY': 'unix:/tmp/.X11-unix/X1', 'PIXI_PROJECT_VERSION': '0.1.0', 'XDG_RUNTIME_DIR': '/run/user/1000', 'DISPLAY': ':0', 'LANG': 'zh_CN.UTF-8', 'XDG_CURRENT_DESKTOP': 'ubuntu:GNOME', 'XMODIFIERS': '@im=ibus', 'XDG_SESSION_DESKTOP': 'ubuntu', 'XAUTHORITY': '/run/user/1000/.mutter-Xwaylandauth.BCRSV3', 'LS_COLORS': 'rs=0:di=01;34:ln=01;36:mh=00:pi=40;33:so=01;35:do=01;35:bd=40;33;01:cd=40;33;01:or=40;31;01:mi=00:su=37;41:sg=30;43:ca=00:tw=30;42:ow=34;42:st=37;44:ex=01;32:*.tar=01;31:*.tgz=01;31:*.arc=01;31:*.arj=01;31:*.taz=01;31:*.lha=01;31:*.lz4=01;31:*.lzh=01;31:*.lzma=01;31:*.tlz=01;31:*.txz=01;31:*.tzo=01;31:*.t7z=01;31:*.zip=01;31:*.z=01;31:*.dz=01;31:*.gz=01;31:*.lrz=01;31:*.lz=01;31:*.lzo=01;31:*.xz=01;31:*.zst=01;31:*.tzst=01;31:*.bz2=01;31:*.bz=01;31:*.tbz=01;31:*.tbz2=01;31:*.tz=01;31:*.deb=01;31:*.rpm=01;31:*.jar=01;31:*.war=01;31:*.ear=01;31:*.sar=01;31:*.rar=01;31:*.alz=01;31:*.ace=01;31:*.zoo=01;31:*.cpio=01;31:*.7z=01;31:*.rz=01;31:*.cab=01;31:*.wim=01;31:*.swm=01;31:*.dwm=01;31:*.esd=01;31:*.avif=01;35:*.jpg=01;35:*.jpeg=01;35:*.mjpg=01;35:*.mjpeg=01;35:*.gif=01;35:*.bmp=01;35:*.pbm=01;35:*.pgm=01;35:*.ppm=01;35:*.tga=01;35:*.xbm=01;35:*.xpm=01;35:*.tif=01;35:*.tiff=01;35:*.png=01;35:*.svg=01;35:*.svgz=01;35:*.mng=01;35:*.pcx=01;35:*.mov=01;35:*.mpg=01;35:*.mpeg=01;35:*.m2v=01;35:*.mkv=01;35:*.webm=01;35:*.webp=01;35:*.ogm=01;35:*.mp4=01;35:*.m4v=01;35:*.mp4v=01;35:*.vob=01;35:*.qt=01;35:*.nuv=01;35:*.wmv=01;35:*.asf=01;35:*.rm=01;35:*.rmvb=01;35:*.flc=01;35:*.avi=01;35:*.fli=01;35:*.flv=01;35:*.gl=01;35:*.dl=01;35:*.xcf=01;35:*.xwd=01;35:*.yuv=01;35:*.cgm=01;35:*.emf=01;35:*.ogv=01;35:*.ogx=01;35:*.aac=00;36:*.au=00;36:*.flac=00;36:*.m4a=00;36:*.mid=00;36:*.midi=00;36:*.mka=00;36:*.mp3=00;36:*.mpc=00;36:*.ogg=00;36:*.ra=00;36:*.wav=00;36:*.oga=00;36:*.opus=00;36:*.spx=00;36:*.xspf=00;36:*~=00;90:*#=00;90:*.bak=00;90:*.old=00;90:*.orig=00;90:*.part=00;90:*.rej=00;90:*.swp=00;90:*.tmp=00;90:*.dpkg-dist=00;90:*.dpkg-old=00;90:*.ucf-dist=00;90:*.ucf-new=00;90:*.ucf-old=00;90:*.rpmnew=00;90:*.rpmorig=00;90:*.rpmsave=00;90:', 'SSH_AUTH_SOCK': '/run/user/1000/gcr/ssh', 'PIXI_PROMPT': '(DM_Armx)', 'XML_CATALOG_FILES': 'file:///home/ylnn/DM_Armx/.pixi/envs/default/etc/xml/catalog file:///etc/xml/catalog', 'GSETTINGS_SCHEMA_DIR': '/home/ylnn/DM_Armx/.pixi/envs/default/share/glib-2.0/schemas', 'AMENT_PREFIX_PATH': '/home/ylnn/DM_Armx/install/rebotarm_msgs:/home/ylnn/DM_Armx/.pixi/envs/default', 'SHELL': '/bin/bash', 'QT_ACCESSIBILITY': '1', 'GDMSESSION': 'ubuntu', 'LESSCLOSE': '/usr/bin/lesspipe %s %s', 'CONDA_DEFAULT_ENV': 'DM_Armx', 'PIXI_PROJECT_ROOT': '/home/ylnn/DM_Armx', 'GPG_AGENT_INFO': '/run/user/1000/gnupg/S.gpg-agent:0:1', 'PIXI_PROJECT_MANIFEST': '/home/ylnn/DM_Armx/pixi.toml', 'ROS_AUTOMATIC_DISCOVERY_RANGE': 'SUBNET', 'QT_IM_MODULE': 'ibus', 'PWD': '/home/ylnn/DM_Armx/build/mujoco_pkg', 'XDG_CONFIG_DIRS': '/etc/xdg/xdg-ubuntu:/etc/xdg', 'PIXI_PROJECT_NAME': 'DM_Armx', 'XDG_DATA_DIRS': '/usr/share/ubuntu:/usr/share/gnome:/usr/local/share/:/usr/share/:/var/lib/snapd/desktop', 'XDG_SESSION_EXTRA_DEVICE_ACCESS': 'render:accel', 'PYTHONPATH': '/home/ylnn/DM_Armx/build/mujoco_pkg/prefix_override:/home/ylnn/DM_Armx/.pixi/envs/default/lib/python3.12/site-packages/colcon_core/task/python/colcon_distutils_commands:/home/ylnn/DM_Armx/install/mujoco_pkg/lib/python3.12/site-packages:/home/ylnn/DM_Armx/install/rebotarm_msgs/lib/python3.12/site-packages:/home/ylnn/DM_Armx/install/mujoco_pkg/lib/python3.12/site-packages:/home/ylnn/reBot_Arm_Mujoco-DM/reBotArm_ros2_DM/build/rebotarm_mujoco:/home/ylnn/reBot_Arm_Mujoco-DM/reBotArm_ros2_DM/install/rebotarm_mujoco/lib/python3.12/site-packages:/home/ylnn/reBot_Arm_Mujoco-DM/reBotArm_ros2_DM/build/rebotarm_moveit_demos:/home/ylnn/reBot_Arm_Mujoco-DM/reBotArm_ros2_DM/install/rebotarm_moveit_demos/lib/python3.12/site-packages:/home/ylnn/reBot_Arm_Mujoco-DM/reBotArm_ros2_DM/build/rebotarm_bringup:/home/ylnn/reBot_Arm_Mujoco-DM/reBotArm_ros2_DM/install/rebotarm_bringup/lib/python3.12/site-packages:/home/ylnn/reBot_Arm_Mujoco-DM/reBotArm_ros2_DM/build/rebotarmcontroller:/home/ylnn/reBot_Arm_Mujoco-DM/reBotArm_ros2_DM/install/rebotarmcontroller/lib/python3.12/site-packages:/home/ylnn/reBot_Arm_Mujoco-DM/reBotArm_ros2_DM/build/rebotarm_agent:/home/ylnn/reBot_Arm_Mujoco-DM/reBotArm_ros2_DM/install/rebotarm_agent/lib/python3.12/site-packages:/home/ylnn/reBot_Arm_Mujoco-DM/reBotArm_ros2_DM/install/rebotarm_msgs/lib/python3.12/site-packages:/home/ylnn/DM_Armx/.pixi/envs/default/lib/python/site-packages:/home/ylnn/DM_Armx/.pixi/envs/default/lib/python3.12/site-packages', 'CONDA_PREFIX': '/home/ylnn/DM_Armx/.pixi/envs/default', 'GSETTINGS_SCHEMA_DIR_CONDA_BACKUP': '', 'COLCON': '1', 'QT_IM_MODULES': 'wayland;ibus', 'MEMORY_PRESSURE_WRITE': 'c29tZSAyMDAwMDAgMjAwMDAwMAA=', 'VTE_VERSION': '8400', 'CMAKE_PREFIX_PATH': '/home/ylnn/DM_Armx/install/rebotarm_msgs:/home/ylnn/reBot_Arm_Mujoco-DM/reBotArm_ros2_DM/install/rebotarm_moveit_config:/home/ylnn/reBot_Arm_Mujoco-DM/reBotArm_ros2_DM/install/rebotarm_msgs'}, 'shell': False}
[3.310984] (-) TimerEvent: {}
[3.312292] (fake_driver_pkg) CommandEnded: {'returncode': 0}
[3.312814] (fake_driver_pkg) Command: {'cmd': ['/home/ylnn/DM_Armx/.pixi/envs/default/bin/python3.12', '-W', 'ignore:setup.py install is deprecated', '-W', 'ignore:easy_install command is deprecated', 'setup.py', 'egg_info', '--egg-base', '../../build/fake_driver_pkg', 'build', '--build-base', '/home/ylnn/DM_Armx/build/fake_driver_pkg/build', 'install', '--record', '/home/ylnn/DM_Armx/build/fake_driver_pkg/install.log', '--install-scripts', '$base/lib/fake_driver_pkg', '--single-version-externally-managed', 'install_data', '--force'], 'cwd': '/home/ylnn/DM_Armx/src/fake_driver_pkg', 'env': {'LESSOPEN': '| /usr/bin/lesspipe %s', 'PIXI_ENVIRONMENT_NAME': 'default', 'USER': 'ylnn', 'XDG_SESSION_TYPE': 'wayland', 'PIXI_EXE': '/home/ylnn/.pixi/bin/pixi', 'PTYXIS_VERSION': '50.1', 'ROS_ETC_DIR': '/home/ylnn/DM_Armx/.pixi/envs/default/etc/ros', 'SHLVL': '2', 'LD_LIBRARY_PATH': '/home/ylnn/DM_Armx/install/rebotarm_msgs/lib:/home/ylnn/reBot_Arm_Mujoco-DM/reBotArm_ros2_DM/install/rebotarm_msgs/lib', 'HOME': '/home/ylnn', 'CONDA_SHLVL': '1', 'OLDPWD': '/home/ylnn/DM_Armx/src', 'DESKTOP_SESSION': 'ubuntu', 'IM_CONFIG_ENTRY': 'profile', 'ROS_PYTHON_VERSION': '3', 'GTK_MODULES': 'gail:atk-bridge', 'PS1': '(DM_Armx) \\[\\e]0;\\u@\\h: \\w\\a\\]${debian_chroot:+($debian_chroot)}\\[\\033[01;32m\\]\\u@\\h\\[\\033[00m\\]:\\[\\033[01;34m\\]\\w\\[\\033[00m\\]\\$', 'MANAGERPID': '3950', 'PIXI_IN_SHELL': '1', 'SYSTEMD_EXEC_PID': '4689', 'DBUS_SESSION_BUS_ADDRESS': 'unix:path=/run/user/1000/bus', 'COLORTERM': 'truecolor', 'GIO_LAUNCHED_DESKTOP_FILE_PID': '9131', 'GNOME_KEYRING_CONTROL': '/run/user/1000/keyring', 'DEBUGINFOD_URLS': 'https://debuginfod.ubuntu.com', 'WAYLAND_DISPLAY': 'wayland-0', 'COLCON_PREFIX_PATH': '/home/ylnn/DM_Armx/install:/home/ylnn/reBot_Arm_Mujoco-DM/reBotArm_ros2_DM/install', 'ROS_DISTRO': 'jazzy', 'LOGNAME': 'ylnn', 'MANAGERPIDFDID': '41209', 'JOURNAL_STREAM': '10:28149', '_': '/home/ylnn/DM_Armx/.pixi/envs/default/bin/colcon', 'ROS_VERSION': '2', 'MEMORY_PRESSURE_WATCH': '/sys/fs/cgroup/user.slice/user-1000.slice/user@1000.service/session.slice/org.gnome.SettingsDaemon.MediaKeys.service/memory.pressure', 'XDG_SESSION_CLASS': 'user', 'USERNAME': 'ylnn', 'TERM': 'xterm-256color', 'PIXI_ENVIRONMENT_PLATFORMS': 'linux-64', 'GNOME_DESKTOP_SESSION_ID': 'this-is-deprecated', 'ROS_OS_OVERRIDE': 'conda:linux', 'FLATPAK_TTY_PROGRESS': '1', 'PATH': '/home/ylnn/DM_Armx/.pixi/envs/default/bin:/home/ylnn/DM_Armx/.pixi/envs/default/bin:/home/ylnn/.pixi/bin:/home/ylnn/.local/bin:/usr/local/sbin:/usr/local/bin:/usr/sbin:/usr/bin:/sbin:/bin:/usr/games:/usr/local/games:/snap/bin:/snap/bin:/home/ylnn/.local/bin:/home/ylnn/.local/bin', 'INVOCATION_ID': '76dc85ded2e143c1ba10984d3af79769', 'XDG_MENU_PREFIX': 'gnome-', 'PTYXIS_PROFILE': '29ef11a0727ce3578ea238b06a997d6b', 'GNOME_SETUP_DISPLAY': 'unix:/tmp/.X11-unix/X1', 'PIXI_PROJECT_VERSION': '0.1.0', 'XDG_RUNTIME_DIR': '/run/user/1000', 'DISPLAY': ':0', 'LANG': 'zh_CN.UTF-8', 'XDG_CURRENT_DESKTOP': 'ubuntu:GNOME', 'XMODIFIERS': '@im=ibus', 'XDG_SESSION_DESKTOP': 'ubuntu', 'XAUTHORITY': '/run/user/1000/.mutter-Xwaylandauth.BCRSV3', 'LS_COLORS': 'rs=0:di=01;34:ln=01;36:mh=00:pi=40;33:so=01;35:do=01;35:bd=40;33;01:cd=40;33;01:or=40;31;01:mi=00:su=37;41:sg=30;43:ca=00:tw=30;42:ow=34;42:st=37;44:ex=01;32:*.tar=01;31:*.tgz=01;31:*.arc=01;31:*.arj=01;31:*.taz=01;31:*.lha=01;31:*.lz4=01;31:*.lzh=01;31:*.lzma=01;31:*.tlz=01;31:*.txz=01;31:*.tzo=01;31:*.t7z=01;31:*.zip=01;31:*.z=01;31:*.dz=01;31:*.gz=01;31:*.lrz=01;31:*.lz=01;31:*.lzo=01;31:*.xz=01;31:*.zst=01;31:*.tzst=01;31:*.bz2=01;31:*.bz=01;31:*.tbz=01;31:*.tbz2=01;31:*.tz=01;31:*.deb=01;31:*.rpm=01;31:*.jar=01;31:*.war=01;31:*.ear=01;31:*.sar=01;31:*.rar=01;31:*.alz=01;31:*.ace=01;31:*.zoo=01;31:*.cpio=01;31:*.7z=01;31:*.rz=01;31:*.cab=01;31:*.wim=01;31:*.swm=01;31:*.dwm=01;31:*.esd=01;31:*.avif=01;35:*.jpg=01;35:*.jpeg=01;35:*.mjpg=01;35:*.mjpeg=01;35:*.gif=01;35:*.bmp=01;35:*.pbm=01;35:*.pgm=01;35:*.ppm=01;35:*.tga=01;35:*.xbm=01;35:*.xpm=01;35:*.tif=01;35:*.tiff=01;35:*.png=01;35:*.svg=01;35:*.svgz=01;35:*.mng=01;35:*.pcx=01;35:*.mov=01;35:*.mpg=01;35:*.mpeg=01;35:*.m2v=01;35:*.mkv=01;35:*.webm=01;35:*.webp=01;35:*.ogm=01;35:*.mp4=01;35:*.m4v=01;35:*.mp4v=01;35:*.vob=01;35:*.qt=01;35:*.nuv=01;35:*.wmv=01;35:*.asf=01;35:*.rm=01;35:*.rmvb=01;35:*.flc=01;35:*.avi=01;35:*.fli=01;35:*.flv=01;35:*.gl=01;35:*.dl=01;35:*.xcf=01;35:*.xwd=01;35:*.yuv=01;35:*.cgm=01;35:*.emf=01;35:*.ogv=01;35:*.ogx=01;35:*.aac=00;36:*.au=00;36:*.flac=00;36:*.m4a=00;36:*.mid=00;36:*.midi=00;36:*.mka=00;36:*.mp3=00;36:*.mpc=00;36:*.ogg=00;36:*.ra=00;36:*.wav=00;36:*.oga=00;36:*.opus=00;36:*.spx=00;36:*.xspf=00;36:*~=00;90:*#=00;90:*.bak=00;90:*.old=00;90:*.orig=00;90:*.part=00;90:*.rej=00;90:*.swp=00;90:*.tmp=00;90:*.dpkg-dist=00;90:*.dpkg-old=00;90:*.ucf-dist=00;90:*.ucf-new=00;90:*.ucf-old=00;90:*.rpmnew=00;90:*.rpmorig=00;90:*.rpmsave=00;90:', 'SSH_AUTH_SOCK': '/run/user/1000/gcr/ssh', 'PIXI_PROMPT': '(DM_Armx)', 'XML_CATALOG_FILES': 'file:///home/ylnn/DM_Armx/.pixi/envs/default/etc/xml/catalog file:///etc/xml/catalog', 'GSETTINGS_SCHEMA_DIR': '/home/ylnn/DM_Armx/.pixi/envs/default/share/glib-2.0/schemas', 'AMENT_PREFIX_PATH': '/home/ylnn/DM_Armx/install/rebotarm_msgs:/home/ylnn/DM_Armx/.pixi/envs/default', 'SHELL': '/bin/bash', 'QT_ACCESSIBILITY': '1', 'GDMSESSION': 'ubuntu', 'LESSCLOSE': '/usr/bin/lesspipe %s %s', 'CONDA_DEFAULT_ENV': 'DM_Armx', 'PIXI_PROJECT_ROOT': '/home/ylnn/DM_Armx', 'GPG_AGENT_INFO': '/run/user/1000/gnupg/S.gpg-agent:0:1', 'PIXI_PROJECT_MANIFEST': '/home/ylnn/DM_Armx/pixi.toml', 'ROS_AUTOMATIC_DISCOVERY_RANGE': 'SUBNET', 'QT_IM_MODULE': 'ibus', 'PWD': '/home/ylnn/DM_Armx/build/fake_driver_pkg', 'XDG_CONFIG_DIRS': '/etc/xdg/xdg-ubuntu:/etc/xdg', 'PIXI_PROJECT_NAME': 'DM_Armx', 'XDG_DATA_DIRS': '/usr/share/ubuntu:/usr/share/gnome:/usr/local/share/:/usr/share/:/var/lib/snapd/desktop', 'XDG_SESSION_EXTRA_DEVICE_ACCESS': 'render:accel', 'PYTHONPATH': '/home/ylnn/DM_Armx/build/fake_driver_pkg/prefix_override:/home/ylnn/DM_Armx/.pixi/envs/default/lib/python3.12/site-packages/colcon_core/task/python/colcon_distutils_commands:/home/ylnn/DM_Armx/install/fake_driver_pkg/lib/python3.12/site-packages:/home/ylnn/DM_Armx/install/rebotarm_msgs/lib/python3.12/site-packages:/home/ylnn/DM_Armx/install/mujoco_pkg/lib/python3.12/site-packages:/home/ylnn/reBot_Arm_Mujoco-DM/reBotArm_ros2_DM/build/rebotarm_mujoco:/home/ylnn/reBot_Arm_Mujoco-DM/reBotArm_ros2_DM/install/rebotarm_mujoco/lib/python3.12/site-packages:/home/ylnn/reBot_Arm_Mujoco-DM/reBotArm_ros2_DM/build/rebotarm_moveit_demos:/home/ylnn/reBot_Arm_Mujoco-DM/reBotArm_ros2_DM/install/rebotarm_moveit_demos/lib/python3.12/site-packages:/home/ylnn/reBot_Arm_Mujoco-DM/reBotArm_ros2_DM/build/rebotarm_bringup:/home/ylnn/reBot_Arm_Mujoco-DM/reBotArm_ros2_DM/install/rebotarm_bringup/lib/python3.12/site-packages:/home/ylnn/reBot_Arm_Mujoco-DM/reBotArm_ros2_DM/build/rebotarmcontroller:/home/ylnn/reBot_Arm_Mujoco-DM/reBotArm_ros2_DM/install/rebotarmcontroller/lib/python3.12/site-packages:/home/ylnn/reBot_Arm_Mujoco-DM/reBotArm_ros2_DM/build/rebotarm_agent:/home/ylnn/reBot_Arm_Mujoco-DM/reBotArm_ros2_DM/install/rebotarm_agent/lib/python3.12/site-packages:/home/ylnn/reBot_Arm_Mujoco-DM/reBotArm_ros2_DM/install/rebotarm_msgs/lib/python3.12/site-packages:/home/ylnn/DM_Armx/.pixi/envs/default/lib/python/site-packages:/home/ylnn/DM_Armx/.pixi/envs/default/lib/python3.12/site-packages', 'CONDA_PREFIX': '/home/ylnn/DM_Armx/.pixi/envs/default', 'GSETTINGS_SCHEMA_DIR_CONDA_BACKUP': '', 'COLCON': '1', 'QT_IM_MODULES': 'wayland;ibus', 'MEMORY_PRESSURE_WRITE': 'c29tZSAyMDAwMDAgMjAwMDAwMAA=', 'VTE_VERSION': '8400', 'CMAKE_PREFIX_PATH': '/home/ylnn/DM_Armx/install/rebotarm_msgs:/home/ylnn/reBot_Arm_Mujoco-DM/reBotArm_ros2_DM/install/rebotarm_moveit_config:/home/ylnn/reBot_Arm_Mujoco-DM/reBotArm_ros2_DM/install/rebotarm_msgs'}, 'shell': False}
[3.411173] (-) TimerEvent: {}
[3.429240] (mujoco_pkg) StdoutLine: {'line': b'running egg_info\n'}
[3.430531] (fake_driver_pkg) StdoutLine: {'line': b'running egg_info\n'}
[3.434192] (mujoco_pkg) StdoutLine: {'line': b'writing ../../build/mujoco_pkg/mujoco_pkg.egg-info/PKG-INFO\n'}
[3.435203] (mujoco_pkg) StdoutLine: {'line': b'writing dependency_links to ../../build/mujoco_pkg/mujoco_pkg.egg-info/dependency_links.txt\n'}
[3.435262] (mujoco_pkg) StdoutLine: {'line': b'writing entry points to ../../build/mujoco_pkg/mujoco_pkg.egg-info/entry_points.txt\n'}
[3.435309] (mujoco_pkg) StdoutLine: {'line': b'writing requirements to ../../build/mujoco_pkg/mujoco_pkg.egg-info/requires.txt\n'}
[3.435357] (mujoco_pkg) StdoutLine: {'line': b'writing top-level names to ../../build/mujoco_pkg/mujoco_pkg.egg-info/top_level.txt\n'}
[3.435687] (fake_driver_pkg) StdoutLine: {'line': b'writing ../../build/fake_driver_pkg/fake_driver_pkg.egg-info/PKG-INFO\n'}
[3.435943] (fake_driver_pkg) StdoutLine: {'line': b'writing dependency_links to ../../build/fake_driver_pkg/fake_driver_pkg.egg-info/dependency_links.txt\n'}
[3.436036] (fake_driver_pkg) StdoutLine: {'line': b'writing entry points to ../../build/fake_driver_pkg/fake_driver_pkg.egg-info/entry_points.txt\n'}
[3.436151] (fake_driver_pkg) StdoutLine: {'line': b'writing requirements to ../../build/fake_driver_pkg/fake_driver_pkg.egg-info/requires.txt\n'}
[3.436205] (fake_driver_pkg) StdoutLine: {'line': b'writing top-level names to ../../build/fake_driver_pkg/fake_driver_pkg.egg-info/top_level.txt\n'}
[3.446499] (mujoco_pkg) StdoutLine: {'line': b"reading manifest file '../../build/mujoco_pkg/mujoco_pkg.egg-info/SOURCES.txt'\n"}
[3.447076] (mujoco_pkg) StdoutLine: {'line': b"adding license file 'LICENSE'\n"}
[3.447555] (mujoco_pkg) StdoutLine: {'line': b"writing manifest file '../../build/mujoco_pkg/mujoco_pkg.egg-info/SOURCES.txt'\n"}
[3.447681] (mujoco_pkg) StdoutLine: {'line': b'running build\n'}
[3.447733] (mujoco_pkg) StdoutLine: {'line': b'running build_py\n'}
[3.447797] (mujoco_pkg) StdoutLine: {'line': b'creating /home/ylnn/DM_Armx/build/mujoco_pkg/build/lib/mujoco_pkg\n'}
[3.447842] (mujoco_pkg) StdoutLine: {'line': b'copying mujoco_pkg/mujoco_physics_grasp.py -> /home/ylnn/DM_Armx/build/mujoco_pkg/build/lib/mujoco_pkg\n'}
[3.447919] (mujoco_pkg) StdoutLine: {'line': b'copying mujoco_pkg/sim_task_server.py -> /home/ylnn/DM_Armx/build/mujoco_pkg/build/lib/mujoco_pkg\n'}
[3.447972] (mujoco_pkg) StdoutLine: {'line': b'copying mujoco_pkg/__init__.py -> /home/ylnn/DM_Armx/build/mujoco_pkg/build/lib/mujoco_pkg\n'}
[3.448024] (fake_driver_pkg) StdoutLine: {'line': b"reading manifest file '../../build/fake_driver_pkg/fake_driver_pkg.egg-info/SOURCES.txt'\n"}
[3.448079] (mujoco_pkg) StdoutLine: {'line': b'copying mujoco_pkg/sim_rgb_camera.py -> /home/ylnn/DM_Armx/build/mujoco_pkg/build/lib/mujoco_pkg\n'}
[3.448130] (mujoco_pkg) StdoutLine: {'line': b'copying mujoco_pkg/sim_color_detector.py -> /home/ylnn/DM_Armx/build/mujoco_pkg/build/lib/mujoco_pkg\n'}
[3.448180] (mujoco_pkg) StdoutLine: {'line': b'copying mujoco_pkg/joint_slider_gui.py -> /home/ylnn/DM_Armx/build/mujoco_pkg/build/lib/mujoco_pkg\n'}
[3.448223] (mujoco_pkg) StdoutLine: {'line': b'copying mujoco_pkg/real2sim_sync.py -> /home/ylnn/DM_Armx/build/mujoco_pkg/build/lib/mujoco_pkg\n'}
[3.448270] (mujoco_pkg) StdoutLine: {'line': b'copying mujoco_pkg/mujoco_torque_control.py -> /home/ylnn/DM_Armx/build/mujoco_pkg/build/lib/mujoco_pkg\n'}
[3.448320] (mujoco_pkg) StdoutLine: {'line': b'running install\n'}
[3.448424] (fake_driver_pkg) StdoutLine: {'line': b"writing manifest file '../../build/fake_driver_pkg/fake_driver_pkg.egg-info/SOURCES.txt'\n"}
[3.448489] (fake_driver_pkg) StdoutLine: {'line': b'running build\n'}
[3.448539] (fake_driver_pkg) StdoutLine: {'line': b'running build_py\n'}
[3.448701] (fake_driver_pkg) StdoutLine: {'line': b'creating /home/ylnn/DM_Armx/build/fake_driver_pkg/build/lib/fake_driver_pkg\n'}
[3.448762] (fake_driver_pkg) StdoutLine: {'line': b'copying fake_driver_pkg/__init__.py -> /home/ylnn/DM_Armx/build/fake_driver_pkg/build/lib/fake_driver_pkg\n'}
[3.448809] (fake_driver_pkg) StdoutLine: {'line': b'copying fake_driver_pkg/fake_driver.py -> /home/ylnn/DM_Armx/build/fake_driver_pkg/build/lib/fake_driver_pkg\n'}
[3.448966] (fake_driver_pkg) StdoutLine: {'line': b'running install\n'}
[3.450459] (mujoco_pkg) StdoutLine: {'line': b'running install_lib\n'}
[3.451091] (fake_driver_pkg) StdoutLine: {'line': b'running install_lib\n'}
[3.455910] (mujoco_pkg) StdoutLine: {'line': b'creating /home/ylnn/DM_Armx/install/mujoco_pkg/lib/python3.12/site-packages/mujoco_pkg\n'}
[3.455982] (mujoco_pkg) StdoutLine: {'line': b'copying /home/ylnn/DM_Armx/build/mujoco_pkg/build/lib/mujoco_pkg/mujoco_physics_grasp.py -> /home/ylnn/DM_Armx/install/mujoco_pkg/lib/python3.12/site-packages/mujoco_pkg\n'}
[3.456033] (mujoco_pkg) StdoutLine: {'line': b'copying /home/ylnn/DM_Armx/build/mujoco_pkg/build/lib/mujoco_pkg/sim_task_server.py -> /home/ylnn/DM_Armx/install/mujoco_pkg/lib/python3.12/site-packages/mujoco_pkg\n'}
[3.456081] (mujoco_pkg) StdoutLine: {'line': b'copying /home/ylnn/DM_Armx/build/mujoco_pkg/build/lib/mujoco_pkg/__init__.py -> /home/ylnn/DM_Armx/install/mujoco_pkg/lib/python3.12/site-packages/mujoco_pkg\n'}
[3.456128] (mujoco_pkg) StdoutLine: {'line': b'copying /home/ylnn/DM_Armx/build/mujoco_pkg/build/lib/mujoco_pkg/sim_rgb_camera.py -> /home/ylnn/DM_Armx/install/mujoco_pkg/lib/python3.12/site-packages/mujoco_pkg\n'}
[3.456175] (mujoco_pkg) StdoutLine: {'line': b'copying /home/ylnn/DM_Armx/build/mujoco_pkg/build/lib/mujoco_pkg/sim_color_detector.py -> /home/ylnn/DM_Armx/install/mujoco_pkg/lib/python3.12/site-packages/mujoco_pkg\n'}
[3.456226] (mujoco_pkg) StdoutLine: {'line': b'copying /home/ylnn/DM_Armx/build/mujoco_pkg/build/lib/mujoco_pkg/joint_slider_gui.py -> /home/ylnn/DM_Armx/install/mujoco_pkg/lib/python3.12/site-packages/mujoco_pkg\n'}
[3.456278] (mujoco_pkg) StdoutLine: {'line': b'copying /home/ylnn/DM_Armx/build/mujoco_pkg/build/lib/mujoco_pkg/real2sim_sync.py -> /home/ylnn/DM_Armx/install/mujoco_pkg/lib/python3.12/site-packages/mujoco_pkg\n'}
[3.456319] (mujoco_pkg) StdoutLine: {'line': b'copying /home/ylnn/DM_Armx/build/mujoco_pkg/build/lib/mujoco_pkg/mujoco_torque_control.py -> /home/ylnn/DM_Armx/install/mujoco_pkg/lib/python3.12/site-packages/mujoco_pkg\n'}
[3.456537] (fake_driver_pkg) StdoutLine: {'line': b'creating /home/ylnn/DM_Armx/install/fake_driver_pkg/lib/python3.12/site-packages/fake_driver_pkg\n'}
[3.456595] (mujoco_pkg) StdoutLine: {'line': b'byte-compiling /home/ylnn/DM_Armx/install/mujoco_pkg/lib/python3.12/site-packages/mujoco_pkg/mujoco_physics_grasp.py to mujoco_physics_grasp.cpython-312.pyc\n'}
[3.456643] (fake_driver_pkg) StdoutLine: {'line': b'copying /home/ylnn/DM_Armx/build/fake_driver_pkg/build/lib/fake_driver_pkg/__init__.py -> /home/ylnn/DM_Armx/install/fake_driver_pkg/lib/python3.12/site-packages/fake_driver_pkg\n'}
[3.456686] (fake_driver_pkg) StdoutLine: {'line': b'copying /home/ylnn/DM_Armx/build/fake_driver_pkg/build/lib/fake_driver_pkg/fake_driver.py -> /home/ylnn/DM_Armx/install/fake_driver_pkg/lib/python3.12/site-packages/fake_driver_pkg\n'}
[3.456949] (fake_driver_pkg) StdoutLine: {'line': b'byte-compiling /home/ylnn/DM_Armx/install/fake_driver_pkg/lib/python3.12/site-packages/fake_driver_pkg/__init__.py to __init__.cpython-312.pyc\n'}
[3.457060] (fake_driver_pkg) StdoutLine: {'line': b'byte-compiling /home/ylnn/DM_Armx/install/fake_driver_pkg/lib/python3.12/site-packages/fake_driver_pkg/fake_driver.py to fake_driver.cpython-312.pyc\n'}
[3.458479] (mujoco_pkg) StdoutLine: {'line': b'byte-compiling /home/ylnn/DM_Armx/install/mujoco_pkg/lib/python3.12/site-packages/mujoco_pkg/sim_task_server.py to sim_task_server.cpython-312.pyc\n'}
[3.458664] (fake_driver_pkg) StdoutLine: {'line': b'running install_data\n'}
[3.458794] (fake_driver_pkg) StdoutLine: {'line': b'copying resource/fake_driver_pkg -> /home/ylnn/DM_Armx/install/fake_driver_pkg/share/ament_index/resource_index/packages\n'}
[3.458913] (fake_driver_pkg) StdoutLine: {'line': b'copying package.xml -> /home/ylnn/DM_Armx/install/fake_driver_pkg/share/fake_driver_pkg\n'}
[3.458970] (fake_driver_pkg) StdoutLine: {'line': b'running install_egg_info\n'}
[3.461917] (mujoco_pkg) StdoutLine: {'line': b'byte-compiling /home/ylnn/DM_Armx/install/mujoco_pkg/lib/python3.12/site-packages/mujoco_pkg/__init__.py to __init__.cpython-312.pyc\n'}
[3.461966] (mujoco_pkg) StdoutLine: {'line': b'byte-compiling /home/ylnn/DM_Armx/install/mujoco_pkg/lib/python3.12/site-packages/mujoco_pkg/sim_rgb_camera.py to sim_rgb_camera.cpython-312.pyc\n'}
[3.464536] (mujoco_pkg) StdoutLine: {'line': b'byte-compiling /home/ylnn/DM_Armx/install/mujoco_pkg/lib/python3.12/site-packages/mujoco_pkg/sim_color_detector.py to sim_color_detector.cpython-312.pyc\n'}
[3.464822] (fake_driver_pkg) StdoutLine: {'line': b'Copying ../../build/fake_driver_pkg/fake_driver_pkg.egg-info to /home/ylnn/DM_Armx/install/fake_driver_pkg/lib/python3.12/site-packages/fake_driver_pkg-0.1.0-py3.12.egg-info\n'}
[3.465084] (fake_driver_pkg) StdoutLine: {'line': b'running install_scripts\n'}
[3.467270] (mujoco_pkg) StdoutLine: {'line': b'byte-compiling /home/ylnn/DM_Armx/install/mujoco_pkg/lib/python3.12/site-packages/mujoco_pkg/joint_slider_gui.py to joint_slider_gui.cpython-312.pyc\n'}
[3.468623] (mujoco_pkg) StdoutLine: {'line': b'byte-compiling /home/ylnn/DM_Armx/install/mujoco_pkg/lib/python3.12/site-packages/mujoco_pkg/real2sim_sync.py to real2sim_sync.cpython-312.pyc\n'}
[3.471911] (mujoco_pkg) StdoutLine: {'line': b'byte-compiling /home/ylnn/DM_Armx/install/mujoco_pkg/lib/python3.12/site-packages/mujoco_pkg/mujoco_torque_control.py to mujoco_torque_control.cpython-312.pyc\n'}
[3.473827] (mujoco_pkg) StdoutLine: {'line': b'running install_data\n'}
[3.473885] (mujoco_pkg) StdoutLine: {'line': b'copying resource/mujoco_pkg -> /home/ylnn/DM_Armx/install/mujoco_pkg/share/ament_index/resource_index/packages\n'}
[3.473987] (mujoco_pkg) StdoutLine: {'line': b'copying package.xml -> /home/ylnn/DM_Armx/install/mujoco_pkg/share/mujoco_pkg\n'}
[3.474077] (mujoco_pkg) StdoutLine: {'line': b'copying launch/real2sim.launch.py -> /home/ylnn/DM_Armx/install/mujoco_pkg/share/mujoco_pkg/launch\n'}
[3.474143] (mujoco_pkg) StdoutLine: {'line': b'copying launch/sim_rgb_camera.launch.py -> /home/ylnn/DM_Armx/install/mujoco_pkg/share/mujoco_pkg/launch\n'}
[3.474201] (mujoco_pkg) StdoutLine: {'line': b'copying launch/mujoco_torque_control.launch.py -> /home/ylnn/DM_Armx/install/mujoco_pkg/share/mujoco_pkg/launch\n'}
[3.474259] (mujoco_pkg) StdoutLine: {'line': b'copying launch/sim_color_detector.launch.py -> /home/ylnn/DM_Armx/install/mujoco_pkg/share/mujoco_pkg/launch\n'}
[3.474311] (mujoco_pkg) StdoutLine: {'line': b'copying launch/joint_slider_gui.launch.py -> /home/ylnn/DM_Armx/install/mujoco_pkg/share/mujoco_pkg/launch\n'}
[3.474359] (mujoco_pkg) StdoutLine: {'line': b'copying launch/mujoco_physics_grasp.launch.py -> /home/ylnn/DM_Armx/install/mujoco_pkg/share/mujoco_pkg/launch\n'}
[3.474408] (mujoco_pkg) StdoutLine: {'line': b'copying launch/sim_task_server.launch.py -> /home/ylnn/DM_Armx/install/mujoco_pkg/share/mujoco_pkg/launch\n'}
[3.474472] (mujoco_pkg) StdoutLine: {'line': b'copying config/joint_map_kinematic.yaml -> /home/ylnn/DM_Armx/install/mujoco_pkg/share/mujoco_pkg/config\n'}
[3.474524] (mujoco_pkg) StdoutLine: {'line': b'copying config/joint_map.yaml -> /home/ylnn/DM_Armx/install/mujoco_pkg/share/mujoco_pkg/config\n'}
[3.474594] (mujoco_pkg) StdoutLine: {'line': b'copying models/rebotarm_b601_colored.xml -> /home/ylnn/DM_Armx/install/mujoco_pkg/share/mujoco_pkg/models\n'}
[3.474652] (mujoco_pkg) StdoutLine: {'line': b'copying models/simple_rebotarm.xml -> /home/ylnn/DM_Armx/install/mujoco_pkg/share/mujoco_pkg/models\n'}
[3.474703] (mujoco_pkg) StdoutLine: {'line': b'copying models/rebotarm_b601_kinematic.xml -> /home/ylnn/DM_Armx/install/mujoco_pkg/share/mujoco_pkg/models\n'}
[3.474756] (mujoco_pkg) StdoutLine: {'line': b'copying models/rebotarm_b601_stl.xml -> /home/ylnn/DM_Armx/install/mujoco_pkg/share/mujoco_pkg/models\n'}
[3.474819] (mujoco_pkg) StdoutLine: {'line': b'copying description/ReBot_Arm_DM.urdf -> /home/ylnn/DM_Armx/install/mujoco_pkg/share/mujoco_pkg/description\n'}
[3.474873] (mujoco_pkg) StdoutLine: {'line': b'running install_egg_info\n'}
[3.480791] (mujoco_pkg) StdoutLine: {'line': b'Copying ../../build/mujoco_pkg/mujoco_pkg.egg-info to /home/ylnn/DM_Armx/install/mujoco_pkg/lib/python3.12/site-packages/mujoco_pkg-0.1.0-py3.12.egg-info\n'}
[3.481927] (mujoco_pkg) StdoutLine: {'line': b'running install_scripts\n'}
[3.493191] (fake_driver_pkg) StdoutLine: {'line': b'Installing fake_driver script to /home/ylnn/DM_Armx/install/fake_driver_pkg/lib/fake_driver_pkg\n'}
[3.493336] (fake_driver_pkg) StdoutLine: {'line': b"writing list of installed files to '/home/ylnn/DM_Armx/build/fake_driver_pkg/install.log'\n"}
[3.506620] (fake_driver_pkg) CommandEnded: {'returncode': 0}
[3.511123] (mujoco_pkg) StdoutLine: {'line': b'Installing joint_slider_gui script to /home/ylnn/DM_Armx/install/mujoco_pkg/lib/mujoco_pkg\n'}
[3.511237] (-) TimerEvent: {}
[3.511254] (mujoco_pkg) StdoutLine: {'line': b'Installing mujoco_physics_grasp script to /home/ylnn/DM_Armx/install/mujoco_pkg/lib/mujoco_pkg\n'}
[3.511306] (mujoco_pkg) StdoutLine: {'line': b'Installing mujoco_torque_control script to /home/ylnn/DM_Armx/install/mujoco_pkg/lib/mujoco_pkg\n'}
[3.511356] (mujoco_pkg) StdoutLine: {'line': b'Installing real2sim_sync script to /home/ylnn/DM_Armx/install/mujoco_pkg/lib/mujoco_pkg\n'}
[3.511402] (mujoco_pkg) StdoutLine: {'line': b'Installing sim_color_detector script to /home/ylnn/DM_Armx/install/mujoco_pkg/lib/mujoco_pkg\n'}
[3.511671] (mujoco_pkg) StdoutLine: {'line': b'Installing sim_rgb_camera script to /home/ylnn/DM_Armx/install/mujoco_pkg/lib/mujoco_pkg\n'}
[3.511716] (mujoco_pkg) StdoutLine: {'line': b'Installing sim_task_server script to /home/ylnn/DM_Armx/install/mujoco_pkg/lib/mujoco_pkg\n'}
[3.511760] (mujoco_pkg) StdoutLine: {'line': b"writing list of installed files to '/home/ylnn/DM_Armx/build/mujoco_pkg/install.log'\n"}
[3.512949] (fake_driver_pkg) JobEnded: {'identifier': 'fake_driver_pkg', 'rc': 0}
[3.523263] (mujoco_pkg) CommandEnded: {'returncode': 0}
[3.528669] (mujoco_pkg) JobEnded: {'identifier': 'mujoco_pkg', 'rc': 0}
[3.529235] (-) EventReactorShutdown: {}
